,home_team_name,home_team_score,start_time,visiting_team_name,visiting_team_score
0,Indiana Pacers,97,2013-10-29 23:00:00,Orlando Magic,87
1,Los Angeles Lakers,116,2013-10-30 02:30:00,Los Angeles Clippers,103
2,Miami Heat,107,2013-10-30 00:00:00,Chicago Bulls,95
3,Cleveland Cavaliers,98,2013-10-30 23:00:00,Brooklyn Nets,94
4,Dallas Mavericks,118,2013-10-31 00:30:00,Atlanta Hawks,109
5,Detroit Pistons,113,2013-10-30 23:30:00,Washington Wizards,102
6,Golden State Warriors,125,2013-10-31 02:30:00,Los Angeles Lakers,94
7,Houston Rockets,96,2013-10-31 00:00:00,Charlotte Bobcats,83
8,Minnesota Timberwolves,120,2013-10-31 00:00:00,Orlando Magic,115
9,New Orleans Pelicans,90,2013-10-31 00:00:00,Indiana Pacers,95
10,New York Knicks,90,2013-10-30 23:30:00,Milwaukee Bucks,83
11,Philadelphia 76ers,114,2013-10-30 23:00:00,Miami Heat,110
12,Phoenix Suns,104,2013-10-31 02:00:00,Portland Trail Blazers,91
13,Sacramento Kings,90,2013-10-31 02:00:00,Denver Nuggets,88
14,San Antonio Spurs,101,2013-10-31 00:30:00,Memphis Grizzlies,94
15,Toronto Raptors,93,2013-10-30 23:00:00,Boston Celtics,87
16,Utah Jazz,98,2013-10-31 01:00:00,Oklahoma City Thunder,101
17,Chicago Bulls,82,2013-11-01 00:00:00,New York Knicks,81
18,Los Angeles Clippers,126,2013-11-01 02:30:00,Golden State Warriors,115
19,Atlanta Hawks,102,2013-11-01 23:30:00,Toronto Raptors,95
20,Boston Celtics,98,2013-11-01 23:30:00,Milwaukee Bucks,105
21,Brooklyn Nets,101,2013-11-02 00:00:00,Miami Heat,100
22,Charlotte Bobcats,90,2013-11-01 23:00:00,Cleveland Cavaliers,84
23,Denver Nuggets,98,2013-11-02 01:00:00,Portland Trail Blazers,113
24,Houston Rockets,113,2013-11-02 00:00:00,Dallas Mavericks,105
25,Los Angeles Lakers,85,2013-11-02 02:30:00,San Antonio Spurs,91
26,Memphis Grizzlies,111,2013-11-02 00:00:00,Detroit Pistons,108
27,Minnesota Timberwolves,100,2013-11-02 00:00:00,Oklahoma City Thunder,81
28,Orlando Magic,110,2013-11-01 23:00:00,New Orleans Pelicans,90
29,Phoenix Suns,87,2013-11-02 02:00:00,Utah Jazz,84
30,Sacramento Kings,101,2013-11-02 02:00:00,Los Angeles Clippers,110
31,Washington Wizards,102,2013-11-01 23:00:00,Philadelphia 76ers,109
32,Dallas Mavericks,111,2013-11-03 00:30:00,Memphis Grizzlies,99
33,Golden State Warriors,98,2013-11-03 02:30:00,Sacramento Kings,87
34,Indiana Pacers,89,2013-11-02 23:00:00,Cleveland Cavaliers,74
35,Milwaukee Bucks,90,2013-11-03 00:30:00,Toronto Raptors,97
36,New Orleans Pelicans,105,2013-11-03 00:00:00,Charlotte Bobcats,84
37,Philadelphia 76ers,107,2013-11-02 23:30:00,Chicago Bulls,104
38,Portland Trail Blazers,115,2013-11-03 02:00:00,San Antonio Spurs,105
39,Utah Jazz,93,2013-11-03 01:00:00,Houston Rockets,104
40,Detroit Pistons,87,2013-11-03 23:00:00,Boston Celtics,77
41,Los Angeles Lakers,105,2013-11-04 02:30:00,Atlanta Hawks,103
42,Miami Heat,103,2013-11-03 23:00:00,Washington Wizards,93
43,New York Knicks,100,2013-11-04 00:30:00,Minnesota Timberwolves,109
44,Oklahoma City Thunder,103,2013-11-04 00:00:00,Phoenix Suns,96
45,Orlando Magic,107,2013-11-03 23:00:00,Brooklyn Nets,86
46,Cleveland Cavaliers,93,2013-11-05 00:00:00,Minnesota Timberwolves,92
47,Los Angeles Clippers,137,2013-11-05 03:30:00,Houston Rockets,118
48,Memphis Grizzlies,95,2013-11-05 01:00:00,Boston Celtics,88
49,Philadelphia 76ers,90,2013-11-05 00:00:00,Golden State Warriors,110
50,Brooklyn Nets,104,2013-11-06 00:30:00,Utah Jazz,88
51,Dallas Mavericks,123,2013-11-06 01:30:00,Los Angeles Lakers,104
52,Denver Nuggets,94,2013-11-06 02:00:00,San Antonio Spurs,102
53,Detroit Pistons,91,2013-11-06 00:30:00,Indiana Pacers,99
54,New Orleans Pelicans,98,2013-11-06 01:00:00,Phoenix Suns,104
55,New York Knicks,97,2013-11-06 00:30:00,Charlotte Bobcats,102
56,Portland Trail Blazers,101,2013-11-06 03:00:00,Houston Rockets,116
57,Sacramento Kings,100,2013-11-06 03:00:00,Atlanta Hawks,105
58,Toronto Raptors,95,2013-11-06 00:00:00,Miami Heat,104
59,Boston Celtics,97,2013-11-07 00:30:00,Utah Jazz,87
60,Charlotte Bobcats,92,2013-11-07 00:00:00,Toronto Raptors,90
61,Indiana Pacers,97,2013-11-07 00:00:00,Chicago Bulls,80
62,Memphis Grizzlies,84,2013-11-07 01:00:00,New Orleans Pelicans,99
63,Milwaukee Bucks,109,2013-11-07 01:00:00,Cleveland Cavaliers,104
64,Minnesota Timberwolves,93,2013-11-07 01:00:00,Golden State Warriors,106
65,Oklahoma City Thunder,107,2013-11-07 02:30:00,Dallas Mavericks,93
66,Orlando Magic,98,2013-11-07 00:00:00,Los Angeles Clippers,90
67,Philadelphia 76ers,102,2013-11-07 00:00:00,Washington Wizards,116
68,San Antonio Spurs,99,2013-11-07 01:30:00,Phoenix Suns,96
69,Denver Nuggets,109,2013-11-08 02:00:00,Atlanta Hawks,107
70,Houston Rockets,98,2013-11-08 02:30:00,Los Angeles Lakers,99
71,Miami Heat,102,2013-11-08 00:00:00,Los Angeles Clippers,97
72,Charlotte Bobcats,91,2013-11-09 00:00:00,New York Knicks,101
73,Chicago Bulls,97,2013-11-09 01:00:00,Utah Jazz,73
74,Detroit Pistons,110,2013-11-09 00:30:00,Oklahoma City Thunder,119
75,Indiana Pacers,91,2013-11-09 00:00:00,Toronto Raptors,84
76,Minnesota Timberwolves,116,2013-11-09 01:00:00,Dallas Mavericks,108
77,New Orleans Pelicans,96,2013-11-09 01:00:00,Los Angeles Lakers,85
78,Orlando Magic,89,2013-11-09 00:00:00,Boston Celtics,91
79,Philadelphia 76ers,94,2013-11-09 00:00:00,Cleveland Cavaliers,79
80,Phoenix Suns,114,2013-11-09 02:00:00,Denver Nuggets,103
81,Portland Trail Blazers,104,2013-11-09 03:00:00,Sacramento Kings,91
82,San Antonio Spurs,76,2013-11-09 01:30:00,Golden State Warriors,74
83,Washington Wizards,112,2013-11-09 00:00:00,Brooklyn Nets,108
84,Atlanta Hawks,104,2013-11-10 00:30:00,Orlando Magic,94
85,Brooklyn Nets,91,2013-11-10 00:30:00,Indiana Pacers,96
86,Cleveland Cavaliers,127,2013-11-10 00:30:00,Philadelphia 76ers,125
87,Houston Rockets,94,2013-11-10 01:00:00,Los Angeles Clippers,107
88,Memphis Grizzlies,108,2013-11-10 01:00:00,Golden State Warriors,90
89,Miami Heat,110,2013-11-10 00:30:00,Boston Celtics,111
90,Milwaukee Bucks,83,2013-11-10 01:30:00,Dallas Mavericks,91
91,Sacramento Kings,85,2013-11-10 03:00:00,Portland Trail Blazers,96
92,Toronto Raptors,115,2013-11-10 00:00:00,Utah Jazz,91
93,Los Angeles Lakers,90,2013-11-11 02:30:00,Minnesota Timberwolves,113
94,New York Knicks,89,2013-11-10 05:00:00,San Antonio Spurs,120
95,Oklahoma City Thunder,106,2013-11-11 00:00:00,Washington Wizards,105
96,Phoenix Suns,101,2013-11-11 01:00:00,New Orleans Pelicans,94
97,Boston Celtics,120,2013-11-12 00:30:00,Orlando Magic,105
98,Charlotte Bobcats,94,2013-11-12 00:00:00,Atlanta Hawks,103
99,Chicago Bulls,96,2013-11-12 01:00:00,Cleveland Cavaliers,81
100,Houston Rockets,110,2013-11-12 01:00:00,Toronto Raptors,104
101,Indiana Pacers,95,2013-11-12 00:00:00,Memphis Grizzlies,79
102,Los Angeles Clippers,109,2013-11-12 03:30:00,Minnesota Timberwolves,107
103,Philadelphia 76ers,85,2013-11-12 00:00:00,San Antonio Spurs,109
104,Portland Trail Blazers,109,2013-11-12 03:00:00,Detroit Pistons,103
105,Utah Jazz,81,2013-11-12 02:00:00,Denver Nuggets,100
106,Dallas Mavericks,105,2013-11-13 01:30:00,Washington Wizards,95
107,Golden State Warriors,113,2013-11-13 03:30:00,Detroit Pistons,95
108,Los Angeles Lakers,116,2013-11-13 03:30:00,New Orleans Pelicans,95
109,Miami Heat,118,2013-11-13 00:30:00,Milwaukee Bucks,95
110,Atlanta Hawks,91,2013-11-14 01:00:00,New York Knicks,95
111,Boston Celtics,83,2013-11-14 00:30:00,Charlotte Bobcats,89
112,Denver Nuggets,111,2013-11-14 02:00:00,Los Angeles Lakers,99
113,Los Angeles Clippers,111,2013-11-14 03:30:00,Oklahoma City Thunder,103
114,Memphis Grizzlies,87,2013-11-14 01:00:00,Toronto Raptors,103
115,Minnesota Timberwolves,124,2013-11-14 01:00:00,Cleveland Cavaliers,95
116,Orlando Magic,94,2013-11-14 00:00:00,Milwaukee Bucks,91
117,Philadelphia 76ers,123,2013-11-14 00:00:00,Houston Rockets,117
118,Portland Trail Blazers,90,2013-11-14 03:00:00,Phoenix Suns,89
119,Sacramento Kings,107,2013-11-14 03:00:00,Brooklyn Nets,86
120,San Antonio Spurs,92,2013-11-14 01:30:00,Washington Wizards,79
121,Utah Jazz,111,2013-11-14 02:00:00,New Orleans Pelicans,105
122,Golden State Warriors,116,2013-11-15 03:30:00,Oklahoma City Thunder,115
123,New York Knicks,106,2013-11-15 01:00:00,Houston Rockets,109
124,Atlanta Hawks,113,2013-11-16 00:30:00,Philadelphia 76ers,103
125,Boston Celtics,96,2013-11-16 00:30:00,Portland Trail Blazers,109
126,Cleveland Cavaliers,80,2013-11-16 00:30:00,Charlotte Bobcats,86
127,Denver Nuggets,117,2013-11-16 01:00:00,Minnesota Timberwolves,113
128,Indiana Pacers,104,2013-11-16 00:00:00,Milwaukee Bucks,77
129,Los Angeles Lakers,86,2013-11-16 03:30:00,Memphis Grizzlies,89
130,Miami Heat,110,2013-11-16 00:30:00,Dallas Mavericks,104
131,Phoenix Suns,98,2013-11-16 02:00:00,Brooklyn Nets,100
132,Sacramento Kings,90,2013-11-16 03:30:00,Detroit Pistons,97
133,Toronto Raptors,80,2013-11-16 00:00:00,Chicago Bulls,96
134,Utah Jazz,82,2013-11-16 02:00:00,San Antonio Spurs,91
135,Charlotte Bobcats,81,2013-11-17 00:00:00,Miami Heat,97
136,Chicago Bulls,110,2013-11-17 01:00:00,Indiana Pacers,94
137,Golden State Warriors,102,2013-11-17 03:30:00,Utah Jazz,88
138,Houston Rockets,122,2013-11-17 01:00:00,Denver Nuggets,111
139,Los Angeles Clippers,110,2013-11-17 03:30:00,Brooklyn Nets,103
140,Milwaukee Bucks,79,2013-11-17 01:30:00,Oklahoma City Thunder,92
141,Minnesota Timberwolves,106,2013-11-17 01:00:00,Boston Celtics,88
142,New Orleans Pelicans,135,2013-11-17 01:00:00,Philadelphia 76ers,98
143,New York Knicks,90,2013-11-17 00:30:00,Atlanta Hawks,110
144,Orlando Magic,100,2013-11-17 00:00:00,Dallas Mavericks,108
145,Washington Wizards,96,2013-11-17 00:00:00,Cleveland Cavaliers,103
146,Los Angeles Lakers,114,2013-11-18 02:30:00,Detroit Pistons,99
147,Sacramento Kings,86,2013-11-17 23:00:00,Memphis Grizzlies,97
148,Toronto Raptors,110,2013-11-17 18:00:00,Portland Trail Blazers,118
149,Brooklyn Nets,98,2013-11-19 00:30:00,Portland Trail Blazers,108
150,Chicago Bulls,86,2013-11-19 01:00:00,Charlotte Bobcats,81
151,Dallas Mavericks,97,2013-11-19 01:30:00,Philadelphia 76ers,94
152,Los Angeles Clippers,102,2013-11-19 03:30:00,Memphis Grizzlies,106
153,Oklahoma City Thunder,115,2013-11-19 01:00:00,Denver Nuggets,113
154,Utah Jazz,87,2013-11-19 02:00:00,Golden State Warriors,98
155,Detroit Pistons,92,2013-11-20 00:30:00,New York Knicks,86
156,Houston Rockets,109,2013-11-20 01:00:00,Boston Celtics,85
157,Miami Heat,104,2013-11-20 00:30:00,Atlanta Hawks,88
158,Sacramento Kings,107,2013-11-20 03:00:00,Phoenix Suns,104
159,Washington Wizards,104,2013-11-20 00:00:00,Minnesota Timberwolves,100
160,Atlanta Hawks,93,2013-11-21 00:30:00,Detroit Pistons,85
161,Charlotte Bobcats,95,2013-11-21 00:00:00,Brooklyn Nets,91
162,Cleveland Cavaliers,91,2013-11-21 00:00:00,Washington Wizards,98
163,Dallas Mavericks,123,2013-11-21 02:30:00,Houston Rockets,120
164,Golden State Warriors,81,2013-11-21 03:30:00,Memphis Grizzlies,88
165,Milwaukee Bucks,82,2013-11-21 01:00:00,Portland Trail Blazers,91
166,Minnesota Timberwolves,98,2013-11-21 01:00:00,Los Angeles Clippers,102
167,New Orleans Pelicans,105,2013-11-21 01:00:00,Utah Jazz,98
168,New York Knicks,96,2013-11-21 00:00:00,Indiana Pacers,103
169,Orlando Magic,92,2013-11-21 00:00:00,Miami Heat,120
170,Philadelphia 76ers,98,2013-11-21 00:00:00,Toronto Raptors,108
171,Phoenix Suns,106,2013-11-21 02:00:00,Sacramento Kings,113
172,San Antonio Spurs,104,2013-11-21 01:30:00,Boston Celtics,93
173,Denver Nuggets,97,2013-11-22 03:30:00,Chicago Bulls,87
174,Oklahoma City Thunder,105,2013-11-22 01:00:00,Los Angeles Clippers,91
175,Boston Celtics,82,2013-11-23 00:30:00,Indiana Pacers,97
176,Charlotte Bobcats,91,2013-11-23 00:00:00,Phoenix Suns,98
177,Dallas Mavericks,103,2013-11-23 01:30:00,Utah Jazz,93
178,Detroit Pistons,89,2013-11-23 00:30:00,Atlanta Hawks,96
179,Los Angeles Lakers,102,2013-11-23 03:30:00,Golden State Warriors,95
180,Memphis Grizzlies,86,2013-11-23 01:00:00,San Antonio Spurs,102
181,Minnesota Timberwolves,111,2013-11-23 01:00:00,Brooklyn Nets,81
182,New Orleans Pelicans,104,2013-11-23 01:00:00,Cleveland Cavaliers,100
183,Philadelphia 76ers,115,2013-11-23 00:00:00,Milwaukee Bucks,107
184,Portland Trail Blazers,98,2013-11-23 03:00:00,Chicago Bulls,95
185,Toronto Raptors,96,2013-11-23 00:00:00,Washington Wizards,88
186,Atlanta Hawks,87,2013-11-24 00:30:00,Boston Celtics,94
187,Denver Nuggets,102,2013-11-24 02:00:00,Dallas Mavericks,100
188,Golden State Warriors,101,2013-11-24 03:30:00,Portland Trail Blazers,113
189,Houston Rockets,112,2013-11-24 01:00:00,Minnesota Timberwolves,101
190,Indiana Pacers,106,2013-11-24 00:00:00,Philadelphia 76ers,98
191,Los Angeles Clippers,103,2013-11-23 20:30:00,Sacramento Kings,102
192,Miami Heat,101,2013-11-24 00:30:00,Orlando Magic,99
193,Milwaukee Bucks,72,2013-11-24 01:30:00,Charlotte Bobcats,96
194,San Antonio Spurs,126,2013-11-24 01:30:00,Cleveland Cavaliers,96
195,Washington Wizards,98,2013-11-24 00:00:00,New York Knicks,89
196,Brooklyn Nets,97,2013-11-24 19:00:00,Detroit Pistons,109
197,Los Angeles Clippers,121,2013-11-24 20:30:00,Chicago Bulls,82
198,Los Angeles Lakers,100,2013-11-25 02:30:00,Sacramento Kings,86
199,Oklahoma City Thunder,95,2013-11-25 00:00:00,Utah Jazz,73
200,Orlando Magic,96,2013-11-24 23:00:00,Phoenix Suns,104
201,Charlotte Bobcats,86,2013-11-26 00:00:00,Boston Celtics,96
202,Dallas Mavericks,96,2013-11-26 01:30:00,Denver Nuggets,110
203,Detroit Pistons,113,2013-11-26 00:30:00,Milwaukee Bucks,94
204,Indiana Pacers,98,2013-11-26 00:00:00,Minnesota Timberwolves,84
205,Memphis Grizzlies,86,2013-11-26 01:00:00,Houston Rockets,93
206,Miami Heat,107,2013-11-26 00:30:00,Phoenix Suns,92
207,Portland Trail Blazers,102,2013-11-26 03:00:00,New York Knicks,91
208,San Antonio Spurs,112,2013-11-26 01:30:00,New Orleans Pelicans,93
209,Utah Jazz,89,2013-11-26 02:00:00,Chicago Bulls,83
210,Atlanta Hawks,92,2013-11-27 00:30:00,Orlando Magic,109
211,New Orleans Pelicans,101,2013-11-27 01:00:00,Golden State Warriors,102
212,Toronto Raptors,100,2013-11-27 00:00:00,Brooklyn Nets,102
213,Washington Wizards,116,2013-11-27 00:00:00,Los Angeles Lakers,111
214,Boston Celtics,93,2013-11-28 00:30:00,Memphis Grizzlies,100
215,Brooklyn Nets,94,2013-11-28 00:30:00,Los Angeles Lakers,99
216,Charlotte Bobcats,74,2013-11-28 00:00:00,Indiana Pacers,99
217,Cleveland Cavaliers,84,2013-11-28 00:30:00,Miami Heat,95
218,Dallas Mavericks,103,2013-11-28 01:30:00,Golden State Warriors,99
219,Detroit Pistons,79,2013-11-28 00:30:00,Chicago Bulls,99
220,Houston Rockets,113,2013-11-28 01:00:00,Atlanta Hawks,84
221,Los Angeles Clippers,93,2013-11-28 03:30:00,New York Knicks,80
222,Milwaukee Bucks,92,2013-11-28 01:00:00,Washington Wizards,100
223,Minnesota Timberwolves,110,2013-11-28 01:00:00,Denver Nuggets,117
224,Oklahoma City Thunder,94,2013-11-28 01:00:00,San Antonio Spurs,88
225,Orlando Magic,105,2013-11-28 00:00:00,Philadelphia 76ers,94
226,Phoenix Suns,120,2013-11-28 02:00:00,Portland Trail Blazers,106
227,Atlanta Hawks,88,2013-11-30 00:30:00,Dallas Mavericks,87
228,Boston Celtics,103,2013-11-30 00:30:00,Cleveland Cavaliers,86
229,Charlotte Bobcats,92,2013-11-30 00:00:00,Milwaukee Bucks,76
230,Denver Nuggets,97,2013-11-30 02:00:00,New York Knicks,95
231,Detroit Pistons,102,2013-11-30 00:30:00,Los Angeles Lakers,106
232,Houston Rockets,114,2013-11-30 01:00:00,Brooklyn Nets,95
233,Indiana Pacers,93,2013-11-30 01:00:00,Washington Wizards,73
234,Oklahoma City Thunder,113,2013-11-30 01:00:00,Golden State Warriors,112
235,Orlando Magic,91,2013-11-30 00:00:00,San Antonio Spurs,109
236,Philadelphia 76ers,105,2013-11-30 01:00:00,New Orleans Pelicans,121
237,Sacramento Kings,98,2013-11-30 03:00:00,Los Angeles Clippers,104
238,Toronto Raptors,83,2013-11-30 00:00:00,Miami Heat,90
239,Utah Jazz,101,2013-11-30 02:00:00,Phoenix Suns,112
240,Cleveland Cavaliers,97,2013-12-01 00:30:00,Chicago Bulls,93
241,Dallas Mavericks,106,2013-12-01 01:30:00,Minnesota Timberwolves,112
242,Memphis Grizzlies,88,2013-12-01 01:00:00,Brooklyn Nets,97
243,Milwaukee Bucks,92,2013-12-01 02:00:00,Boston Celtics,85
244,Phoenix Suns,104,2013-12-01 02:00:00,Utah Jazz,112
245,San Antonio Spurs,106,2013-12-01 01:30:00,Houston Rockets,112
246,Washington Wizards,108,2013-12-01 00:00:00,Atlanta Hawks,101
247,Detroit Pistons,115,2013-12-01 20:30:00,Philadelphia 76ers,100
248,Los Angeles Clippers,100,2013-12-01 20:30:00,Indiana Pacers,105
249,Los Angeles Lakers,108,2013-12-02 02:30:00,Portland Trail Blazers,114
250,Miami Heat,99,2013-12-01 23:00:00,Charlotte Bobcats,98
251,New York Knicks,99,2013-12-02 00:30:00,New Orleans Pelicans,103
252,Oklahoma City Thunder,113,2013-12-02 00:00:00,Minnesota Timberwolves,103
253,Sacramento Kings,113,2013-12-01 23:00:00,Golden State Warriors,115
254,Toronto Raptors,98,2013-12-01 18:00:00,Denver Nuggets,112
255,Chicago Bulls,128,2013-12-03 01:00:00,New Orleans Pelicans,131
256,Portland Trail Blazers,106,2013-12-03 03:00:00,Indiana Pacers,102
257,San Antonio Spurs,102,2013-12-03 01:30:00,Atlanta Hawks,100
258,Utah Jazz,109,2013-12-03 02:00:00,Houston Rockets,103
259,Washington Wizards,98,2013-12-03 00:00:00,Orlando Magic,80
260,Boston Celtics,108,2013-12-04 00:30:00,Milwaukee Bucks,100
261,Brooklyn Nets,87,2013-12-04 00:30:00,Denver Nuggets,111
262,Dallas Mavericks,89,2013-12-04 01:30:00,Charlotte Bobcats,82
263,Golden State Warriors,112,2013-12-04 03:30:00,Toronto Raptors,103
264,Memphis Grizzlies,110,2013-12-04 01:00:00,Phoenix Suns,91
265,Miami Heat,97,2013-12-04 00:30:00,Detroit Pistons,107
266,Philadelphia 76ers,126,2013-12-04 00:00:00,Orlando Magic,125
267,Sacramento Kings,95,2013-12-04 03:00:00,Oklahoma City Thunder,97
268,Atlanta Hawks,107,2013-12-05 00:30:00,Los Angeles Clippers,97
269,Cleveland Cavaliers,98,2013-12-05 00:00:00,Denver Nuggets,88
270,Houston Rockets,88,2013-12-05 01:00:00,Phoenix Suns,97
271,Milwaukee Bucks,98,2013-12-05 01:00:00,Detroit Pistons,105
272,New Orleans Pelicans,97,2013-12-05 01:00:00,Dallas Mavericks,100
273,Portland Trail Blazers,111,2013-12-05 03:00:00,Oklahoma City Thunder,104
274,Utah Jazz,86,2013-12-05 02:00:00,Indiana Pacers,95
275,Brooklyn Nets,83,2013-12-06 00:00:00,New York Knicks,113
276,Chicago Bulls,107,2013-12-06 02:30:00,Miami Heat,87
277,Memphis Grizzlies,81,2013-12-06 01:00:00,Los Angeles Clippers,101
278,Atlanta Hawks,108,2013-12-07 00:30:00,Cleveland Cavaliers,89
279,Boston Celtics,106,2013-12-07 00:30:00,Denver Nuggets,98
280,Charlotte Bobcats,105,2013-12-07 00:00:00,Philadelphia 76ers,88
281,Houston Rockets,105,2013-12-07 01:00:00,Golden State Warriors,83
282,New Orleans Pelicans,95,2013-12-07 01:00:00,Oklahoma City Thunder,109
283,New York Knicks,121,2013-12-07 00:30:00,Orlando Magic,83
284,Phoenix Suns,106,2013-12-07 02:00:00,Toronto Raptors,97
285,Portland Trail Blazers,130,2013-12-07 03:00:00,Utah Jazz,98
286,Sacramento Kings,100,2013-12-07 03:00:00,Los Angeles Lakers,106
287,Washington Wizards,105,2013-12-07 00:00:00,Milwaukee Bucks,109
288,Chicago Bulls,75,2013-12-08 01:00:00,Detroit Pistons,92
289,Cleveland Cavaliers,88,2013-12-08 00:30:00,Los Angeles Clippers,82
290,Memphis Grizzlies,82,2013-12-08 01:00:00,Golden State Warriors,108
291,Milwaukee Bucks,82,2013-12-08 01:30:00,Brooklyn Nets,90
292,Minnesota Timberwolves,82,2013-12-08 01:00:00,Miami Heat,103
293,Philadelphia 76ers,92,2013-12-08 00:00:00,Denver Nuggets,103
294,Portland Trail Blazers,106,2013-12-08 03:00:00,Dallas Mavericks,108
295,San Antonio Spurs,100,2013-12-08 01:30:00,Indiana Pacers,111
296,Utah Jazz,102,2013-12-08 02:00:00,Sacramento Kings,112
297,Detroit Pistons,95,2013-12-08 23:00:00,Miami Heat,110
298,Houston Rockets,98,2013-12-09 00:00:00,Orlando Magic,88
299,Los Angeles Lakers,94,2013-12-09 02:30:00,Toronto Raptors,106
300,New York Knicks,73,2013-12-08 05:00:00,Boston Celtics,114
301,Oklahoma City Thunder,118,2013-12-09 00:00:00,Indiana Pacers,94
302,Charlotte Bobcats,115,2013-12-10 00:00:00,Golden State Warriors,111
303,Memphis Grizzlies,94,2013-12-10 01:00:00,Orlando Magic,85
304,Philadelphia 76ers,83,2013-12-10 00:00:00,Los Angeles Clippers,94
305,Sacramento Kings,112,2013-12-10 03:00:00,Dallas Mavericks,97
306,Utah Jazz,94,2013-12-10 02:00:00,Portland Trail Blazers,105
307,Washington Wizards,74,2013-12-10 00:00:00,Denver Nuggets,75
308,Atlanta Hawks,92,2013-12-11 00:30:00,Oklahoma City Thunder,101
309,Brooklyn Nets,104,2013-12-11 00:30:00,Boston Celtics,96
310,Chicago Bulls,74,2013-12-11 01:00:00,Milwaukee Bucks,78
311,Cleveland Cavaliers,109,2013-12-11 00:00:00,New York Knicks,94
312,Detroit Pistons,94,2013-12-11 00:30:00,Minnesota Timberwolves,121
313,Indiana Pacers,90,2013-12-11 00:00:00,Miami Heat,84
314,Los Angeles Lakers,108,2013-12-11 03:30:00,Phoenix Suns,114
315,Toronto Raptors,103,2013-12-11 00:00:00,San Antonio Spurs,116
316,Boston Celtics,88,2013-12-12 00:30:00,Los Angeles Clippers,96
317,Charlotte Bobcats,83,2013-12-12 00:00:00,Orlando Magic,92
318,Golden State Warriors,95,2013-12-12 03:30:00,Dallas Mavericks,93
319,Memphis Grizzlies,100,2013-12-12 01:00:00,Oklahoma City Thunder,116
320,Milwaukee Bucks,77,2013-12-12 01:00:00,San Antonio Spurs,109
321,Minnesota Timberwolves,106,2013-12-12 01:00:00,Philadelphia 76ers,99
322,New Orleans Pelicans,111,2013-12-12 01:00:00,Detroit Pistons,106
323,New York Knicks,83,2013-12-12 01:00:00,Chicago Bulls,78
324,Sacramento Kings,101,2013-12-12 03:00:00,Utah Jazz,122
325,Brooklyn Nets,102,2013-12-13 01:00:00,Los Angeles Clippers,93
326,Portland Trail Blazers,111,2013-12-13 03:30:00,Houston Rockets,104
327,Atlanta Hawks,101,2013-12-14 00:30:00,Washington Wizards,99
328,Boston Celtics,90,2013-12-14 00:30:00,New York Knicks,86
329,Denver Nuggets,93,2013-12-14 02:00:00,Utah Jazz,103
330,Detroit Pistons,103,2013-12-14 00:30:00,Brooklyn Nets,99
331,Golden State Warriors,112,2013-12-14 03:30:00,Houston Rockets,116
332,Indiana Pacers,99,2013-12-14 00:00:00,Charlotte Bobcats,94
333,Milwaukee Bucks,90,2013-12-14 01:30:00,Chicago Bulls,91
334,New Orleans Pelicans,104,2013-12-14 01:00:00,Memphis Grizzlies,98
335,Oklahoma City Thunder,122,2013-12-14 01:00:00,Los Angeles Lakers,97
336,Orlando Magic,100,2013-12-14 00:00:00,Cleveland Cavaliers,109
337,Phoenix Suns,116,2013-12-14 02:00:00,Sacramento Kings,107
338,San Antonio Spurs,117,2013-12-14 01:30:00,Minnesota Timberwolves,110
339,Toronto Raptors,108,2013-12-14 00:00:00,Philadelphia 76ers,100
340,Charlotte Bobcats,85,2013-12-15 00:00:00,Los Angeles Lakers,88
341,Chicago Bulls,77,2013-12-15 01:00:00,Toronto Raptors,99
342,Dallas Mavericks,106,2013-12-15 01:30:00,Milwaukee Bucks,93
343,Miami Heat,114,2013-12-15 00:30:00,Cleveland Cavaliers,107
344,New York Knicks,111,2013-12-15 00:30:00,Atlanta Hawks,106
345,Philadelphia 76ers,105,2013-12-15 01:00:00,Portland Trail Blazers,139
346,Utah Jazz,84,2013-12-15 02:00:00,San Antonio Spurs,100
347,Washington Wizards,97,2013-12-15 00:00:00,Los Angeles Clippers,113
348,Denver Nuggets,102,2013-12-16 01:00:00,New Orleans Pelicans,93
349,Detroit Pistons,109,2013-12-15 23:00:00,Portland Trail Blazers,111
350,Memphis Grizzlies,93,2013-12-15 23:00:00,Minnesota Timberwolves,101
351,Oklahoma City Thunder,101,2013-12-16 00:00:00,Orlando Magic,98
352,Phoenix Suns,106,2013-12-16 01:00:00,Golden State Warriors,102
353,Sacramento Kings,106,2013-12-15 23:00:00,Houston Rockets,91
354,Atlanta Hawks,114,2013-12-17 00:30:00,Los Angeles Lakers,100
355,Boston Celtics,101,2013-12-17 00:30:00,Minnesota Timberwolves,97
356,Brooklyn Nets,130,2013-12-17 00:30:00,Philadelphia 76ers,94
357,Chicago Bulls,82,2013-12-17 01:00:00,Orlando Magic,83
358,Indiana Pacers,96,2013-12-17 00:00:00,Detroit Pistons,101
359,Los Angeles Clippers,115,2013-12-17 03:30:00,San Antonio Spurs,92
360,Miami Heat,117,2013-12-17 00:30:00,Utah Jazz,94
361,New York Knicks,101,2013-12-17 00:30:00,Washington Wizards,102
362,Charlotte Bobcats,95,2013-12-18 00:00:00,Sacramento Kings,87
363,Cleveland Cavaliers,116,2013-12-18 00:00:00,Portland Trail Blazers,119
364,Denver Nuggets,93,2013-12-18 02:00:00,Oklahoma City Thunder,105
365,Golden State Warriors,104,2013-12-18 03:30:00,New Orleans Pelicans,93
366,Memphis Grizzlies,92,2013-12-18 01:00:00,Los Angeles Lakers,96
367,Atlanta Hawks,124,2013-12-19 00:30:00,Sacramento Kings,107
368,Boston Celtics,106,2013-12-19 00:30:00,Detroit Pistons,107
369,Brooklyn Nets,107,2013-12-19 00:30:00,Washington Wizards,113
370,Dallas Mavericks,105,2013-12-19 01:30:00,Memphis Grizzlies,91
371,Houston Rockets,109,2013-12-19 02:30:00,Chicago Bulls,94
372,Los Angeles Clippers,108,2013-12-19 03:30:00,New Orleans Pelicans,95
373,Miami Heat,97,2013-12-19 00:00:00,Indiana Pacers,94
374,Milwaukee Bucks,101,2013-12-19 01:00:00,New York Knicks,107
375,Minnesota Timberwolves,120,2013-12-19 01:00:00,Portland Trail Blazers,109
376,Orlando Magic,82,2013-12-19 00:00:00,Utah Jazz,86
377,Phoenix Suns,101,2013-12-19 02:00:00,San Antonio Spurs,108
378,Toronto Raptors,102,2013-12-19 00:00:00,Charlotte Bobcats,104
379,Golden State Warriors,102,2013-12-20 03:30:00,San Antonio Spurs,104
380,Oklahoma City Thunder,107,2013-12-20 01:00:00,Chicago Bulls,95
381,Atlanta Hawks,118,2013-12-21 00:30:00,Utah Jazz,85
382,Cleveland Cavaliers,114,2013-12-21 00:30:00,Milwaukee Bucks,111
383,Dallas Mavericks,108,2013-12-21 01:30:00,Toronto Raptors,109
384,Denver Nuggets,99,2013-12-21 02:00:00,Phoenix Suns,103
385,Detroit Pistons,106,2013-12-21 00:30:00,Charlotte Bobcats,116
386,Indiana Pacers,114,2013-12-21 01:00:00,Houston Rockets,81
387,Los Angeles Lakers,104,2013-12-21 03:30:00,Minnesota Timberwolves,91
388,Miami Heat,122,2013-12-21 00:30:00,Sacramento Kings,103
389,Philadelphia 76ers,121,2013-12-21 00:00:00,Brooklyn Nets,120
390,Boston Celtics,99,2013-12-21 18:00:00,Washington Wizards,106
391,Charlotte Bobcats,85,2013-12-22 00:30:00,Utah Jazz,88
392,Chicago Bulls,100,2013-12-22 01:00:00,Cleveland Cavaliers,84
393,Detroit Pistons,97,2013-12-22 00:30:00,Houston Rockets,114
394,Golden State Warriors,102,2013-12-22 03:30:00,Los Angeles Lakers,83
395,Los Angeles Clippers,112,2013-12-22 03:30:00,Denver Nuggets,91
396,Milwaukee Bucks,116,2013-12-22 01:30:00,Philadelphia 76ers,106
397,New York Knicks,87,2013-12-21 05:00:00,Memphis Grizzlies,95
398,Orlando Magic,100,2013-12-22 00:00:00,Sacramento Kings,105
399,Phoenix Suns,123,2013-12-22 02:00:00,Dallas Mavericks,108
400,Portland Trail Blazers,110,2013-12-22 03:00:00,New Orleans Pelicans,107
401,San Antonio Spurs,100,2013-12-22 01:30:00,Oklahoma City Thunder,113
402,Indiana Pacers,106,2013-12-22 23:00:00,Boston Celtics,79
403,Los Angeles Clippers,120,2013-12-23 02:30:00,Minnesota Timberwolves,116
404,Oklahoma City Thunder,98,2013-12-23 00:00:00,Toronto Raptors,104
405,Brooklyn Nets,86,2013-12-24 00:30:00,Indiana Pacers,103
406,Charlotte Bobcats,111,2013-12-24 00:00:00,Milwaukee Bucks,110
407,Cleveland Cavaliers,92,2013-12-24 00:00:00,Detroit Pistons,115
408,Denver Nuggets,81,2013-12-24 02:00:00,Golden State Warriors,89
409,Houston Rockets,104,2013-12-24 01:00:00,Dallas Mavericks,111
410,Memphis Grizzlies,104,2013-12-24 01:00:00,Utah Jazz,94
411,Miami Heat,121,2013-12-24 00:30:00,Atlanta Hawks,119
412,Orlando Magic,98,2013-12-24 00:00:00,New York Knicks,103
413,Phoenix Suns,117,2013-12-24 02:00:00,Los Angeles Lakers,90
414,Sacramento Kings,100,2013-12-24 03:00:00,New Orleans Pelicans,113
415,San Antonio Spurs,112,2013-12-24 01:30:00,Toronto Raptors,99
416,Brooklyn Nets,78,2013-12-25 05:00:00,Chicago Bulls,95
417,Golden State Warriors,105,2013-12-26 03:30:00,Los Angeles Clippers,103
418,Los Angeles Lakers,95,2013-12-25 22:00:00,Miami Heat,101
419,New York Knicks,94,2013-12-25 19:30:00,Oklahoma City Thunder,123
420,San Antonio Spurs,98,2013-12-26 01:00:00,Houston Rockets,111
421,Cleveland Cavaliers,125,2013-12-27 00:00:00,Atlanta Hawks,127
422,Dallas Mavericks,107,2013-12-27 01:30:00,San Antonio Spurs,116
423,Houston Rockets,100,2013-12-27 01:00:00,Memphis Grizzlies,92
424,Portland Trail Blazers,116,2013-12-27 03:30:00,Los Angeles Clippers,112
425,Brooklyn Nets,104,2013-12-28 00:30:00,Milwaukee Bucks,93
426,Charlotte Bobcats,85,2013-12-28 00:00:00,Oklahoma City Thunder,89
427,Golden State Warriors,115,2013-12-28 03:30:00,Phoenix Suns,86
428,Minnesota Timberwolves,120,2013-12-28 01:00:00,Washington Wizards,98
429,New Orleans Pelicans,105,2013-12-28 01:00:00,Denver Nuggets,89
430,New York Knicks,83,2013-12-28 00:30:00,Toronto Raptors,95
431,Orlando Magic,109,2013-12-28 00:00:00,Detroit Pistons,92
432,Sacramento Kings,108,2013-12-28 03:00:00,Miami Heat,103
433,Utah Jazz,105,2013-12-28 02:00:00,Los Angeles Lakers,103
434,Atlanta Hawks,118,2013-12-29 00:30:00,Charlotte Bobcats,116
435,Boston Celtics,103,2013-12-28 18:00:00,Cleveland Cavaliers,100
436,Chicago Bulls,83,2013-12-29 01:00:00,Dallas Mavericks,105
437,Houston Rockets,107,2013-12-29 01:00:00,New Orleans Pelicans,98
438,Indiana Pacers,105,2013-12-29 00:00:00,Brooklyn Nets,91
439,Los Angeles Clippers,98,2013-12-29 03:30:00,Utah Jazz,90
440,Memphis Grizzlies,120,2013-12-29 01:00:00,Denver Nuggets,99
441,Milwaukee Bucks,95,2013-12-29 01:30:00,Minnesota Timberwolves,117
442,Phoenix Suns,115,2013-12-29 02:00:00,Philadelphia 76ers,101
443,Portland Trail Blazers,107,2013-12-29 03:00:00,Miami Heat,108
444,Toronto Raptors,115,2013-12-29 00:00:00,New York Knicks,100
445,Washington Wizards,106,2013-12-29 00:00:00,Detroit Pistons,82
446,Cleveland Cavaliers,104,2013-12-29 23:00:00,Golden State Warriors,108
447,Los Angeles Lakers,104,2013-12-30 02:30:00,Philadelphia 76ers,111
448,Oklahoma City Thunder,117,2013-12-30 00:00:00,Houston Rockets,86
449,Orlando Magic,109,2013-12-29 23:00:00,Atlanta Hawks,102
450,San Antonio Spurs,112,2013-12-30 00:00:00,Sacramento Kings,104
451,Denver Nuggets,94,2013-12-31 02:00:00,Miami Heat,97
452,Detroit Pistons,99,2013-12-31 00:30:00,Washington Wizards,106
453,Los Angeles Clippers,88,2013-12-31 03:30:00,Phoenix Suns,107
454,Memphis Grizzlies,91,2013-12-31 01:00:00,Chicago Bulls,95
455,Minnesota Timberwolves,98,2013-12-31 01:00:00,Dallas Mavericks,100
456,New Orleans Pelicans,110,2013-12-31 01:00:00,Portland Trail Blazers,108
457,Utah Jazz,83,2013-12-31 02:00:00,Charlotte Bobcats,80
458,Boston Celtics,91,2013-12-31 18:00:00,Atlanta Hawks,92
459,Chicago Bulls,79,2014-01-01 01:00:00,Toronto Raptors,85
460,Houston Rockets,106,2014-01-01 00:00:00,Sacramento Kings,110
461,Indiana Pacers,91,2013-12-31 20:00:00,Cleveland Cavaliers,76
462,Los Angeles Lakers,79,2014-01-01 03:30:00,Milwaukee Bucks,94
463,Oklahoma City Thunder,94,2014-01-01 01:00:00,Portland Trail Blazers,98
464,Orlando Magic,81,2013-12-31 22:00:00,Golden State Warriors,94
465,San Antonio Spurs,113,2014-01-01 00:00:00,Brooklyn Nets,92
466,Denver Nuggets,102,2014-01-02 02:00:00,Philadelphia 76ers,114
467,Los Angeles Clippers,112,2014-01-02 02:30:00,Charlotte Bobcats,85
468,Minnesota Timberwolves,124,2014-01-02 01:00:00,New Orleans Pelicans,112
469,Toronto Raptors,95,2014-01-02 00:00:00,Indiana Pacers,82
470,Washington Wizards,78,2014-01-01 23:00:00,Dallas Mavericks,87
471,Chicago Bulls,94,2014-01-03 01:00:00,Boston Celtics,82
472,Cleveland Cavaliers,87,2014-01-03 00:00:00,Orlando Magic,81
473,Miami Heat,114,2014-01-03 00:30:00,Golden State Warriors,123
474,Oklahoma City Thunder,93,2014-01-03 01:00:00,Brooklyn Nets,95
475,Phoenix Suns,91,2014-01-03 02:00:00,Memphis Grizzlies,99
476,Portland Trail Blazers,134,2014-01-03 03:00:00,Charlotte Bobcats,104
477,Sacramento Kings,104,2014-01-03 03:00:00,Philadelphia 76ers,113
478,San Antonio Spurs,101,2014-01-03 01:30:00,New York Knicks,105
479,Utah Jazz,96,2014-01-03 02:00:00,Milwaukee Bucks,87
480,Atlanta Hawks,100,2014-01-04 00:30:00,Golden State Warriors,101
481,Boston Celtics,92,2014-01-04 00:30:00,New Orleans Pelicans,95
482,Dallas Mavericks,112,2014-01-04 01:30:00,Los Angeles Clippers,119
483,Denver Nuggets,111,2014-01-04 02:00:00,Memphis Grizzlies,108
484,Houston Rockets,102,2014-01-04 01:00:00,New York Knicks,100
485,Los Angeles Lakers,110,2014-01-04 03:30:00,Utah Jazz,99
486,Washington Wizards,88,2014-01-04 00:00:00,Toronto Raptors,101
487,Brooklyn Nets,89,2014-01-05 00:30:00,Cleveland Cavaliers,82
488,Chicago Bulls,91,2014-01-05 01:00:00,Atlanta Hawks,84
489,Indiana Pacers,99,2014-01-05 00:00:00,New Orleans Pelicans,82
490,Minnesota Timberwolves,111,2014-01-05 01:00:00,Oklahoma City Thunder,115
491,Orlando Magic,94,2014-01-05 00:00:00,Miami Heat,110
492,Phoenix Suns,116,2014-01-05 02:00:00,Milwaukee Bucks,100
493,Portland Trail Blazers,99,2014-01-05 03:00:00,Philadelphia 76ers,101
494,Sacramento Kings,103,2014-01-05 03:00:00,Charlotte Bobcats,113
495,San Antonio Spurs,116,2014-01-05 01:30:00,Los Angeles Clippers,92
496,Cleveland Cavaliers,78,2014-01-05 23:00:00,Indiana Pacers,82
497,Dallas Mavericks,80,2014-01-06 00:30:00,New York Knicks,92
498,Detroit Pistons,84,2014-01-05 18:00:00,Memphis Grizzlies,112
499,Los Angeles Lakers,115,2014-01-06 02:30:00,Denver Nuggets,137
500,Miami Heat,102,2014-01-05 23:00:00,Toronto Raptors,97
501,Oklahoma City Thunder,119,2014-01-06 00:00:00,Boston Celtics,96
502,Washington Wizards,96,2014-01-05 23:00:00,Golden State Warriors,112
503,Brooklyn Nets,91,2014-01-07 00:30:00,Atlanta Hawks,86
504,Los Angeles Clippers,101,2014-01-07 03:30:00,Orlando Magic,81
505,Philadelphia 76ers,95,2014-01-07 00:00:00,Minnesota Timberwolves,126
506,Charlotte Bobcats,83,2014-01-08 00:00:00,Washington Wizards,97
507,Chicago Bulls,92,2014-01-08 01:00:00,Phoenix Suns,87
508,Cleveland Cavaliers,111,2014-01-08 00:00:00,Philadelphia 76ers,93
509,Dallas Mavericks,110,2014-01-08 01:30:00,Los Angeles Lakers,97
510,Denver Nuggets,129,2014-01-08 02:00:00,Boston Celtics,98
511,Indiana Pacers,86,2014-01-08 00:00:00,Toronto Raptors,79
512,Memphis Grizzlies,108,2014-01-08 01:00:00,San Antonio Spurs,110
513,Miami Heat,107,2014-01-08 00:30:00,New Orleans Pelicans,88
514,Milwaukee Bucks,80,2014-01-08 01:00:00,Golden State Warriors,101
515,New York Knicks,89,2014-01-08 00:30:00,Detroit Pistons,85
516,Sacramento Kings,123,2014-01-08 03:00:00,Portland Trail Blazers,119
517,Utah Jazz,112,2014-01-08 02:00:00,Oklahoma City Thunder,101
518,Atlanta Hawks,97,2014-01-09 00:30:00,Indiana Pacers,87
519,Brooklyn Nets,102,2014-01-09 00:30:00,Golden State Warriors,98
520,Houston Rockets,113,2014-01-09 01:00:00,Los Angeles Lakers,99
521,Los Angeles Clippers,111,2014-01-09 03:30:00,Boston Celtics,105
522,Minnesota Timberwolves,103,2014-01-09 02:30:00,Phoenix Suns,104
523,New Orleans Pelicans,96,2014-01-09 01:00:00,Washington Wizards,102
524,Portland Trail Blazers,110,2014-01-09 03:00:00,Orlando Magic,94
525,San Antonio Spurs,112,2014-01-09 00:00:00,Dallas Mavericks,90
526,Toronto Raptors,112,2014-01-09 00:00:00,Detroit Pistons,91
527,Denver Nuggets,101,2014-01-10 03:30:00,Oklahoma City Thunder,88
528,New York Knicks,102,2014-01-10 01:00:00,Miami Heat,92
529,Atlanta Hawks,83,2014-01-11 00:30:00,Houston Rockets,80
530,Brooklyn Nets,104,2014-01-11 01:00:00,Miami Heat,95
531,Golden State Warriors,99,2014-01-11 03:30:00,Boston Celtics,97
532,Indiana Pacers,93,2014-01-11 00:00:00,Washington Wizards,66
533,Los Angeles Clippers,123,2014-01-11 03:30:00,Los Angeles Lakers,87
534,Memphis Grizzlies,104,2014-01-11 01:00:00,Phoenix Suns,99
535,Milwaukee Bucks,72,2014-01-11 01:30:00,Chicago Bulls,81
536,Minnesota Timberwolves,119,2014-01-11 01:00:00,Charlotte Bobcats,92
537,New Orleans Pelicans,90,2014-01-11 01:00:00,Dallas Mavericks,107
538,Philadelphia 76ers,104,2014-01-11 00:00:00,Detroit Pistons,114
539,Sacramento Kings,103,2014-01-11 03:00:00,Orlando Magic,83
540,Utah Jazz,102,2014-01-11 02:00:00,Cleveland Cavaliers,113
541,Chicago Bulls,103,2014-01-12 01:00:00,Charlotte Bobcats,97
542,Dallas Mavericks,110,2014-01-12 01:30:00,New Orleans Pelicans,107
543,Denver Nuggets,120,2014-01-12 02:00:00,Orlando Magic,94
544,Detroit Pistons,110,2014-01-12 00:30:00,Phoenix Suns,108
545,Oklahoma City Thunder,101,2014-01-12 01:00:00,Milwaukee Bucks,85
546,Philadelphia 76ers,92,2014-01-12 00:30:00,New York Knicks,102
547,Portland Trail Blazers,112,2014-01-12 03:00:00,Boston Celtics,104
548,Toronto Raptors,96,2014-01-12 00:00:00,Brooklyn Nets,80
549,Washington Wizards,107,2014-01-12 00:00:00,Houston Rockets,114
550,Memphis Grizzlies,108,2014-01-12 23:00:00,Atlanta Hawks,101
551,Sacramento Kings,124,2014-01-12 23:00:00,Cleveland Cavaliers,80
552,San Antonio Spurs,104,2014-01-13 00:00:00,Minnesota Timberwolves,86
553,Boston Celtics,92,2014-01-14 00:30:00,Houston Rockets,104
554,Chicago Bulls,88,2014-01-14 01:00:00,Washington Wizards,102
555,Dallas Mavericks,107,2014-01-14 01:30:00,Orlando Magic,88
556,New Orleans Pelicans,95,2014-01-14 01:00:00,San Antonio Spurs,101
557,New York Knicks,98,2014-01-14 00:30:00,Phoenix Suns,96
558,Toronto Raptors,116,2014-01-14 00:00:00,Milwaukee Bucks,94
559,Utah Jazz,118,2014-01-14 02:00:00,Denver Nuggets,103
560,Charlotte Bobcats,108,2014-01-15 00:00:00,New York Knicks,98
561,Indiana Pacers,116,2014-01-15 00:00:00,Sacramento Kings,92
562,Los Angeles Lakers,118,2014-01-15 03:30:00,Cleveland Cavaliers,120
563,Memphis Grizzlies,90,2014-01-15 01:00:00,Oklahoma City Thunder,87
564,Boston Celtics,88,2014-01-16 00:30:00,Toronto Raptors,83
565,Golden State Warriors,116,2014-01-16 03:30:00,Denver Nuggets,123
566,Los Angeles Clippers,129,2014-01-16 03:30:00,Dallas Mavericks,127
567,Milwaukee Bucks,77,2014-01-16 01:00:00,Memphis Grizzlies,82
568,Minnesota Timberwolves,108,2014-01-16 01:00:00,Sacramento Kings,111
569,New Orleans Pelicans,100,2014-01-16 01:00:00,Houston Rockets,103
570,Orlando Magic,125,2014-01-16 00:00:00,Chicago Bulls,128
571,Philadelphia 76ers,95,2014-01-16 00:00:00,Charlotte Bobcats,92
572,Phoenix Suns,121,2014-01-16 02:00:00,Los Angeles Lakers,114
573,Portland Trail Blazers,108,2014-01-16 03:00:00,Cleveland Cavaliers,96
574,San Antonio Spurs,109,2014-01-16 01:00:00,Utah Jazz,105
575,Washington Wizards,114,2014-01-16 00:00:00,Miami Heat,97
576,Atlanta Hawks,110,2014-01-16 20:00:00,Brooklyn Nets,127
577,Houston Rockets,92,2014-01-17 02:30:00,Oklahoma City Thunder,104
578,Indiana Pacers,117,2014-01-17 00:00:00,New York Knicks,89
579,Boston Celtics,104,2014-01-18 00:30:00,Los Angeles Lakers,107
580,Denver Nuggets,109,2014-01-18 02:00:00,Cleveland Cavaliers,117
581,Detroit Pistons,89,2014-01-18 00:30:00,Utah Jazz,110
582,Memphis Grizzlies,91,2014-01-18 01:00:00,Sacramento Kings,90
583,New York Knicks,95,2014-01-18 00:00:00,Los Angeles Clippers,109
584,Oklahoma City Thunder,127,2014-01-18 02:30:00,Golden State Warriors,121
585,Orlando Magic,101,2014-01-18 00:00:00,Charlotte Bobcats,111
586,Philadelphia 76ers,86,2014-01-18 00:00:00,Miami Heat,101
587,Phoenix Suns,107,2014-01-18 02:00:00,Dallas Mavericks,110
588,San Antonio Spurs,100,2014-01-18 01:30:00,Portland Trail Blazers,109
589,Toronto Raptors,94,2014-01-18 00:00:00,Minnesota Timberwolves,89
590,Washington Wizards,96,2014-01-18 00:00:00,Chicago Bulls,93
591,Charlotte Bobcats,96,2014-01-19 00:30:00,Miami Heat,104
592,Chicago Bulls,103,2014-01-19 01:00:00,Philadelphia 76ers,78
593,Dallas Mavericks,111,2014-01-19 01:30:00,Portland Trail Blazers,127
594,Houston Rockets,114,2014-01-19 01:00:00,Milwaukee Bucks,104
595,Indiana Pacers,106,2014-01-19 00:00:00,Los Angeles Clippers,92
596,Minnesota Timberwolves,98,2014-01-19 01:00:00,Utah Jazz,72
597,New Orleans Pelicans,87,2014-01-19 01:00:00,Golden State Warriors,97
598,Washington Wizards,98,2014-01-19 00:00:00,Detroit Pistons,104
599,Oklahoma City Thunder,108,2014-01-20 00:00:00,Sacramento Kings,93
600,Orlando Magic,93,2014-01-19 23:00:00,Boston Celtics,91
601,Phoenix Suns,117,2014-01-20 01:00:00,Denver Nuggets,103
602,San Antonio Spurs,110,2014-01-20 00:00:00,Milwaukee Bucks,82
603,Toronto Raptors,106,2014-01-19 18:00:00,Los Angeles Lakers,112
604,Atlanta Hawks,121,2014-01-20 22:30:00,Miami Heat,114
605,Charlotte Bobcats,100,2014-01-20 19:00:00,Toronto Raptors,95
606,Chicago Bulls,102,2014-01-21 01:00:00,Los Angeles Lakers,100
607,Cleveland Cavaliers,97,2014-01-20 18:00:00,Dallas Mavericks,102
608,Detroit Pistons,103,2014-01-20 18:00:00,Los Angeles Clippers,112
609,Golden State Warriors,94,2014-01-21 03:30:00,Indiana Pacers,102
610,Houston Rockets,126,2014-01-21 01:00:00,Portland Trail Blazers,113
611,Memphis Grizzlies,92,2014-01-20 22:00:00,New Orleans Pelicans,95
612,New York Knicks,80,2014-01-20 19:30:00,Brooklyn Nets,103
613,Washington Wizards,107,2014-01-20 19:00:00,Philadelphia 76ers,99
614,Brooklyn Nets,101,2014-01-22 00:30:00,Orlando Magic,90
615,Miami Heat,93,2014-01-22 00:30:00,Boston Celtics,86
616,New Orleans Pelicans,97,2014-01-22 01:00:00,Sacramento Kings,114
617,Oklahoma City Thunder,105,2014-01-22 01:00:00,Portland Trail Blazers,97
618,Utah Jazz,97,2014-01-22 02:00:00,Minnesota Timberwolves,112
619,Charlotte Bobcats,95,2014-01-23 00:00:00,Los Angeles Clippers,91
620,Cleveland Cavaliers,87,2014-01-23 00:00:00,Chicago Bulls,98
621,Houston Rockets,119,2014-01-23 01:00:00,Sacramento Kings,98
622,Milwaukee Bucks,104,2014-01-23 01:00:00,Detroit Pistons,101
623,New York Knicks,106,2014-01-23 00:30:00,Philadelphia 76ers,110
624,Orlando Magic,109,2014-01-23 00:00:00,Atlanta Hawks,112
625,Phoenix Suns,124,2014-01-23 03:30:00,Indiana Pacers,100
626,San Antonio Spurs,105,2014-01-23 01:00:00,Oklahoma City Thunder,111
627,Toronto Raptors,93,2014-01-23 00:00:00,Dallas Mavericks,85
628,Washington Wizards,111,2014-01-23 00:00:00,Boston Celtics,113
629,Miami Heat,109,2014-01-24 01:00:00,Los Angeles Lakers,102
630,Portland Trail Blazers,110,2014-01-24 03:30:00,Denver Nuggets,105
631,Atlanta Hawks,79,2014-01-25 00:30:00,San Antonio Spurs,105
632,Boston Celtics,83,2014-01-25 00:30:00,Oklahoma City Thunder,101
633,Brooklyn Nets,107,2014-01-25 00:30:00,Dallas Mavericks,106
634,Chicago Bulls,95,2014-01-25 01:00:00,Los Angeles Clippers,112
635,Cleveland Cavaliers,93,2014-01-25 00:30:00,Milwaukee Bucks,78
636,Detroit Pistons,101,2014-01-25 00:30:00,New Orleans Pelicans,103
637,Golden State Warriors,120,2014-01-25 03:30:00,Minnesota Timberwolves,121
638,Houston Rockets,87,2014-01-25 01:00:00,Memphis Grizzlies,88
639,New York Knicks,125,2014-01-25 00:30:00,Charlotte Bobcats,96
640,Orlando Magic,114,2014-01-25 00:00:00,Los Angeles Lakers,105
641,Philadelphia 76ers,95,2014-01-25 00:00:00,Toronto Raptors,104
642,Phoenix Suns,95,2014-01-25 02:00:00,Washington Wizards,101
643,Sacramento Kings,111,2014-01-25 03:00:00,Indiana Pacers,116
644,Charlotte Bobcats,87,2014-01-26 00:00:00,Chicago Bulls,89
645,Denver Nuggets,109,2014-01-26 02:00:00,Indiana Pacers,96
646,Memphis Grizzlies,99,2014-01-26 01:00:00,Houston Rockets,81
647,Milwaukee Bucks,87,2014-01-26 01:30:00,Atlanta Hawks,112
648,Philadelphia 76ers,91,2014-01-26 00:30:00,Oklahoma City Thunder,103
649,Portland Trail Blazers,115,2014-01-26 03:00:00,Minnesota Timberwolves,104
650,Toronto Raptors,118,2014-01-26 00:00:00,Los Angeles Clippers,126
651,Utah Jazz,104,2014-01-26 02:00:00,Washington Wizards,101
652,Boston Celtics,79,2014-01-26 23:30:00,Brooklyn Nets,85
653,Cleveland Cavaliers,90,2014-01-26 23:00:00,Phoenix Suns,99
654,Dallas Mavericks,116,2014-01-27 00:30:00,Detroit Pistons,106
655,Golden State Warriors,103,2014-01-27 02:00:00,Portland Trail Blazers,88
656,Miami Heat,113,2014-01-26 18:00:00,San Antonio Spurs,101
657,New Orleans Pelicans,100,2014-01-26 23:00:00,Orlando Magic,92
658,New York Knicks,110,2014-01-26 20:30:00,Los Angeles Lakers,103
659,Sacramento Kings,117,2014-01-27 02:00:00,Denver Nuggets,125
660,Brooklyn Nets,103,2014-01-28 00:30:00,Toronto Raptors,104
661,Chicago Bulls,86,2014-01-28 01:00:00,Minnesota Timberwolves,95
662,Milwaukee Bucks,86,2014-01-28 01:00:00,Los Angeles Clippers,114
663,Oklahoma City Thunder,111,2014-01-28 01:00:00,Atlanta Hawks,109
664,Philadelphia 76ers,113,2014-01-28 00:00:00,Phoenix Suns,124
665,Utah Jazz,106,2014-01-28 02:00:00,Sacramento Kings,99
666,Cleveland Cavaliers,89,2014-01-29 00:00:00,New Orleans Pelicans,100
667,Detroit Pistons,103,2014-01-29 00:30:00,Orlando Magic,87
668,Golden State Warriors,85,2014-01-29 03:30:00,Washington Wizards,88
669,Houston Rockets,97,2014-01-29 01:00:00,San Antonio Spurs,90
670,Los Angeles Lakers,92,2014-01-29 03:30:00,Indiana Pacers,104
671,New York Knicks,114,2014-01-29 00:30:00,Boston Celtics,88
672,Portland Trail Blazers,81,2014-01-29 03:00:00,Memphis Grizzlies,98
673,Boston Celtics,94,2014-01-30 00:30:00,Philadelphia 76ers,95
674,Dallas Mavericks,115,2014-01-30 01:30:00,Houston Rockets,117
675,Denver Nuggets,98,2014-01-30 02:00:00,Charlotte Bobcats,101
676,Los Angeles Clippers,110,2014-01-30 03:30:00,Washington Wizards,103
677,Miami Heat,95,2014-01-30 00:00:00,Oklahoma City Thunder,112
678,Milwaukee Bucks,117,2014-01-30 01:00:00,Phoenix Suns,126
679,Minnesota Timberwolves,88,2014-01-30 01:00:00,New Orleans Pelicans,77
680,Sacramento Kings,89,2014-01-30 03:00:00,Memphis Grizzlies,99
681,San Antonio Spurs,86,2014-01-30 02:30:00,Chicago Bulls,96
682,Toronto Raptors,98,2014-01-30 00:00:00,Orlando Magic,83
683,Golden State Warriors,111,2014-01-31 03:30:00,Los Angeles Clippers,92
684,Indiana Pacers,94,2014-01-31 00:00:00,Phoenix Suns,102
685,New York Knicks,117,2014-01-31 01:00:00,Cleveland Cavaliers,86
686,Brooklyn Nets,95,2014-02-01 01:00:00,Oklahoma City Thunder,120
687,Dallas Mavericks,107,2014-02-01 01:30:00,Sacramento Kings,103
688,Denver Nuggets,90,2014-02-01 02:00:00,Toronto Raptors,100
689,Los Angeles Lakers,100,2014-02-01 03:30:00,Charlotte Bobcats,110
690,Minnesota Timberwolves,90,2014-02-01 01:00:00,Memphis Grizzlies,94
691,Orlando Magic,113,2014-02-01 00:00:00,Milwaukee Bucks,102
692,Philadelphia 76ers,99,2014-02-01 00:30:00,Atlanta Hawks,125
693,Utah Jazz,90,2014-02-01 03:30:00,Golden State Warriors,95
694,Atlanta Hawks,120,2014-02-02 00:30:00,Minnesota Timberwolves,113
695,Detroit Pistons,113,2014-02-02 00:30:00,Philadelphia 76ers,96
696,Houston Rockets,106,2014-02-02 01:00:00,Cleveland Cavaliers,92
697,Indiana Pacers,97,2014-02-02 00:00:00,Brooklyn Nets,96
698,Los Angeles Clippers,102,2014-02-02 03:30:00,Utah Jazz,87
699,Memphis Grizzlies,99,2014-02-02 01:00:00,Milwaukee Bucks,90
700,New Orleans Pelicans,88,2014-02-02 01:00:00,Chicago Bulls,79
701,New York Knicks,91,2014-02-02 01:30:00,Miami Heat,106
702,Phoenix Suns,105,2014-02-02 02:00:00,Charlotte Bobcats,95
703,Portland Trail Blazers,106,2014-02-02 03:00:00,Toronto Raptors,103
704,San Antonio Spurs,95,2014-02-02 01:30:00,Sacramento Kings,93
705,Washington Wizards,96,2014-02-02 00:00:00,Oklahoma City Thunder,81
706,Boston Celtics,96,2014-02-02 18:00:00,Orlando Magic,89
707,Brooklyn Nets,108,2014-02-04 00:30:00,Philadelphia 76ers,102
708,Dallas Mavericks,124,2014-02-04 01:30:00,Cleveland Cavaliers,107
709,Denver Nuggets,116,2014-02-04 02:00:00,Los Angeles Clippers,115
710,Indiana Pacers,98,2014-02-04 00:00:00,Orlando Magic,79
711,Miami Heat,102,2014-02-04 00:30:00,Detroit Pistons,96
712,Milwaukee Bucks,101,2014-02-04 01:00:00,New York Knicks,98
713,New Orleans Pelicans,95,2014-02-04 01:00:00,San Antonio Spurs,102
714,Oklahoma City Thunder,86,2014-02-04 01:00:00,Memphis Grizzlies,77
715,Sacramento Kings,99,2014-02-04 03:00:00,Chicago Bulls,70
716,Utah Jazz,79,2014-02-04 02:00:00,Toronto Raptors,94
717,Washington Wizards,100,2014-02-04 00:00:00,Portland Trail Blazers,90
718,Atlanta Hawks,85,2014-02-05 00:30:00,Indiana Pacers,89
719,Golden State Warriors,75,2014-02-05 03:30:00,Charlotte Bobcats,91
720,Minnesota Timberwolves,109,2014-02-05 01:00:00,Los Angeles Lakers,99
721,Phoenix Suns,92,2014-02-05 02:00:00,Chicago Bulls,101
722,Cleveland Cavaliers,108,2014-02-06 00:00:00,Los Angeles Lakers,119
723,Denver Nuggets,110,2014-02-06 02:00:00,Milwaukee Bucks,100
724,Houston Rockets,122,2014-02-06 01:00:00,Phoenix Suns,108
725,Los Angeles Clippers,112,2014-02-06 03:30:00,Miami Heat,116
726,Memphis Grizzlies,96,2014-02-06 01:00:00,Dallas Mavericks,110
727,New Orleans Pelicans,105,2014-02-06 01:00:00,Atlanta Hawks,100
728,New York Knicks,90,2014-02-06 01:00:00,Portland Trail Blazers,94
729,Oklahoma City Thunder,106,2014-02-06 01:00:00,Minnesota Timberwolves,97
730,Orlando Magic,112,2014-02-06 00:00:00,Detroit Pistons,98
731,Philadelphia 76ers,108,2014-02-06 00:00:00,Boston Celtics,114
732,Sacramento Kings,109,2014-02-06 03:00:00,Toronto Raptors,101
733,Washington Wizards,118,2014-02-06 00:00:00,San Antonio Spurs,125
734,Brooklyn Nets,103,2014-02-07 01:00:00,San Antonio Spurs,89
735,Golden State Warriors,102,2014-02-07 03:30:00,Chicago Bulls,87
736,Boston Celtics,99,2014-02-08 00:30:00,Sacramento Kings,89
737,Dallas Mavericks,103,2014-02-08 01:30:00,Utah Jazz,81
738,Detroit Pistons,111,2014-02-08 00:30:00,Brooklyn Nets,95
739,Indiana Pacers,118,2014-02-08 00:00:00,Portland Trail Blazers,113
740,Los Angeles Clippers,118,2014-02-08 03:30:00,Toronto Raptors,105
741,New Orleans Pelicans,98,2014-02-08 02:30:00,Minnesota Timberwolves,91
742,New York Knicks,117,2014-02-08 00:30:00,Denver Nuggets,90
743,Orlando Magic,103,2014-02-08 00:00:00,Oklahoma City Thunder,102
744,Philadelphia 76ers,98,2014-02-08 00:00:00,Los Angeles Lakers,112
745,Washington Wizards,113,2014-02-08 00:00:00,Cleveland Cavaliers,115
746,Atlanta Hawks,76,2014-02-09 00:30:00,Memphis Grizzlies,79
747,Charlotte Bobcats,100,2014-02-09 00:00:00,San Antonio Spurs,104
748,Detroit Pistons,126,2014-02-09 00:30:00,Denver Nuggets,109
749,Milwaukee Bucks,95,2014-02-09 01:30:00,Houston Rockets,101
750,Minnesota Timberwolves,110,2014-02-09 01:00:00,Portland Trail Blazers,117
751,Phoenix Suns,122,2014-02-09 02:00:00,Golden State Warriors,109
752,Utah Jazz,94,2014-02-09 02:00:00,Miami Heat,89
753,Boston Celtics,91,2014-02-09 23:00:00,Dallas Mavericks,102
754,Brooklyn Nets,93,2014-02-09 23:00:00,New Orleans Pelicans,81
755,Cleveland Cavaliers,91,2014-02-09 23:00:00,Memphis Grizzlies,83
756,Los Angeles Clippers,123,2014-02-10 02:30:00,Philadelphia 76ers,78
757,Los Angeles Lakers,86,2014-02-09 20:30:00,Chicago Bulls,92
758,Oklahoma City Thunder,112,2014-02-09 18:00:00,New York Knicks,100
759,Orlando Magic,93,2014-02-09 23:00:00,Indiana Pacers,92
760,Washington Wizards,93,2014-02-09 23:00:00,Sacramento Kings,84
761,Detroit Pistons,109,2014-02-11 00:30:00,San Antonio Spurs,100
762,Golden State Warriors,123,2014-02-11 03:30:00,Philadelphia 76ers,80
763,Indiana Pacers,119,2014-02-11 00:00:00,Denver Nuggets,80
764,Milwaukee Bucks,86,2014-02-11 01:00:00,Boston Celtics,102
765,Minnesota Timberwolves,89,2014-02-11 01:00:00,Houston Rockets,107
766,Toronto Raptors,108,2014-02-11 00:00:00,New Orleans Pelicans,101
767,Charlotte Bobcats,114,2014-02-12 00:00:00,Dallas Mavericks,89
768,Chicago Bulls,100,2014-02-12 01:00:00,Atlanta Hawks,85
769,Cleveland Cavaliers,109,2014-02-12 00:00:00,Sacramento Kings,99
770,Los Angeles Lakers,79,2014-02-12 03:30:00,Utah Jazz,96
771,Memphis Grizzlies,92,2014-02-12 01:00:00,Washington Wizards,89
772,Phoenix Suns,97,2014-02-12 02:00:00,Miami Heat,103
773,Portland Trail Blazers,95,2014-02-12 03:00:00,Oklahoma City Thunder,98
774,Boston Celtics,92,2014-02-13 00:30:00,San Antonio Spurs,104
775,Brooklyn Nets,105,2014-02-13 00:30:00,Charlotte Bobcats,89
776,Detroit Pistons,89,2014-02-13 00:30:00,Cleveland Cavaliers,93
777,Golden State Warriors,110,2014-02-13 03:30:00,Miami Heat,111
778,Houston Rockets,113,2014-02-13 01:00:00,Washington Wizards,112
779,Indiana Pacers,73,2014-02-13 00:00:00,Dallas Mavericks,81
780,Los Angeles Clippers,122,2014-02-13 03:30:00,Portland Trail Blazers,117
781,Milwaukee Bucks,98,2014-02-13 01:00:00,New Orleans Pelicans,102
782,Minnesota Timberwolves,117,2014-02-13 01:00:00,Denver Nuggets,90
783,New York Knicks,101,2014-02-13 00:30:00,Sacramento Kings,106
784,Orlando Magic,81,2014-02-13 00:00:00,Memphis Grizzlies,86
785,Toronto Raptors,104,2014-02-13 00:00:00,Atlanta Hawks,83
786,Utah Jazz,105,2014-02-13 02:00:00,Philadelphia 76ers,100
787,Chicago Bulls,92,2014-02-14 01:00:00,Brooklyn Nets,76
788,Los Angeles Lakers,103,2014-02-14 03:30:00,Oklahoma City Thunder,107
789,Dallas Mavericks,106,2014-02-19 01:30:00,Miami Heat,117
790,Denver Nuggets,107,2014-02-19 02:00:00,Phoenix Suns,112
791,Detroit Pistons,96,2014-02-19 00:30:00,Charlotte Bobcats,108
792,Indiana Pacers,108,2014-02-19 00:00:00,Atlanta Hawks,98
793,Los Angeles Clippers,103,2014-02-19 03:30:00,San Antonio Spurs,113
794,Memphis Grizzlies,98,2014-02-19 01:00:00,New York Knicks,93
795,Milwaukee Bucks,104,2014-02-19 01:00:00,Orlando Magic,100
796,Philadelphia 76ers,85,2014-02-19 00:00:00,Cleveland Cavaliers,114
797,Washington Wizards,93,2014-02-19 00:00:00,Toronto Raptors,103
798,Atlanta Hawks,97,2014-02-20 00:30:00,Washington Wizards,114
799,Charlotte Bobcats,116,2014-02-20 00:00:00,Detroit Pistons,98
800,Cleveland Cavaliers,101,2014-02-20 00:00:00,Orlando Magic,93
801,Los Angeles Lakers,108,2014-02-20 03:30:00,Houston Rockets,134
802,Minnesota Timberwolves,104,2014-02-20 01:00:00,Indiana Pacers,91
803,New Orleans Pelicans,91,2014-02-20 01:00:00,New York Knicks,98
804,Phoenix Suns,100,2014-02-20 02:00:00,Boston Celtics,94
805,Portland Trail Blazers,109,2014-02-20 03:00:00,San Antonio Spurs,111
806,Sacramento Kings,92,2014-02-20 03:00:00,Golden State Warriors,101
807,Toronto Raptors,92,2014-02-20 00:00:00,Chicago Bulls,94
808,Utah Jazz,99,2014-02-20 02:00:00,Brooklyn Nets,105
809,Golden State Warriors,102,2014-02-21 03:30:00,Houston Rockets,99
810,Milwaukee Bucks,90,2014-02-21 01:00:00,Denver Nuggets,101
811,Oklahoma City Thunder,81,2014-02-21 01:00:00,Miami Heat,103
812,Charlotte Bobcats,90,2014-02-22 00:00:00,New Orleans Pelicans,87
813,Chicago Bulls,117,2014-02-22 01:00:00,Denver Nuggets,89
814,Detroit Pistons,115,2014-02-22 00:30:00,Atlanta Hawks,107
815,Los Angeles Lakers,101,2014-02-22 03:30:00,Boston Celtics,92
816,Memphis Grizzlies,102,2014-02-22 01:00:00,Los Angeles Clippers,96
817,Orlando Magic,129,2014-02-22 00:00:00,New York Knicks,121
818,Philadelphia 76ers,112,2014-02-22 00:00:00,Dallas Mavericks,124
819,Phoenix Suns,106,2014-02-22 02:00:00,San Antonio Spurs,85
820,Portland Trail Blazers,102,2014-02-22 03:00:00,Utah Jazz,94
821,Toronto Raptors,98,2014-02-22 00:00:00,Cleveland Cavaliers,91
822,Atlanta Hawks,107,2014-02-23 00:30:00,New York Knicks,98
823,Charlotte Bobcats,92,2014-02-23 00:00:00,Memphis Grizzlies,89
824,Detroit Pistons,102,2014-02-23 00:30:00,Dallas Mavericks,113
825,Golden State Warriors,93,2014-02-23 03:30:00,Brooklyn Nets,86
826,Milwaukee Bucks,100,2014-02-23 01:30:00,Indiana Pacers,110
827,Sacramento Kings,105,2014-02-23 03:00:00,Boston Celtics,98
828,Utah Jazz,104,2014-02-23 02:00:00,Minnesota Timberwolves,121
829,Washington Wizards,94,2014-02-23 00:00:00,New Orleans Pelicans,93
830,Cleveland Cavaliers,83,2014-02-23 23:00:00,Washington Wizards,96
831,Denver Nuggets,95,2014-02-24 01:00:00,Sacramento Kings,109
832,Los Angeles Lakers,102,2014-02-24 02:00:00,Brooklyn Nets,108
833,Miami Heat,93,2014-02-23 20:30:00,Chicago Bulls,79
834,Oklahoma City Thunder,117,2014-02-23 18:00:00,Los Angeles Clippers,125
835,Phoenix Suns,112,2014-02-24 02:00:00,Houston Rockets,115
836,Portland Trail Blazers,108,2014-02-24 02:00:00,Minnesota Timberwolves,97
837,Toronto Raptors,105,2014-02-23 23:00:00,Orlando Magic,90
838,Detroit Pistons,96,2014-02-25 00:30:00,Golden State Warriors,104
839,New Orleans Pelicans,110,2014-02-25 01:00:00,Los Angeles Clippers,123
840,New York Knicks,108,2014-02-25 00:30:00,Dallas Mavericks,110
841,Philadelphia 76ers,110,2014-02-25 00:00:00,Milwaukee Bucks,130
842,Utah Jazz,110,2014-02-25 02:00:00,Boston Celtics,98
843,Atlanta Hawks,103,2014-02-26 00:30:00,Chicago Bulls,107
844,Cleveland Cavaliers,93,2014-02-26 00:00:00,Toronto Raptors,99
845,Denver Nuggets,95,2014-02-26 02:00:00,Portland Trail Blazers,100
846,Indiana Pacers,118,2014-02-26 00:00:00,Los Angeles Lakers,98
847,Phoenix Suns,101,2014-02-26 02:00:00,Minnesota Timberwolves,110
848,Sacramento Kings,103,2014-02-26 03:00:00,Houston Rockets,129
849,Washington Wizards,115,2014-02-26 00:00:00,Orlando Magic,106
850,Boston Celtics,115,2014-02-27 00:30:00,Atlanta Hawks,104
851,Chicago Bulls,103,2014-02-27 01:00:00,Golden State Warriors,83
852,Dallas Mavericks,108,2014-02-27 01:00:00,New Orleans Pelicans,89
853,Los Angeles Clippers,101,2014-02-27 03:30:00,Houston Rockets,93
854,Memphis Grizzlies,108,2014-02-27 01:00:00,Los Angeles Lakers,103
855,Oklahoma City Thunder,104,2014-02-27 01:00:00,Cleveland Cavaliers,114
856,Philadelphia 76ers,90,2014-02-27 00:00:00,Orlando Magic,101
857,Portland Trail Blazers,124,2014-02-27 03:00:00,Brooklyn Nets,80
858,San Antonio Spurs,120,2014-02-27 01:30:00,Detroit Pistons,110
859,Utah Jazz,109,2014-02-27 02:00:00,Phoenix Suns,86
860,Denver Nuggets,89,2014-02-28 03:30:00,Brooklyn Nets,112
861,Indiana Pacers,101,2014-02-28 00:00:00,Milwaukee Bucks,96
862,Miami Heat,108,2014-02-28 01:00:00,New York Knicks,82
863,Toronto Raptors,129,2014-02-28 00:00:00,Washington Wizards,134
864,Cleveland Cavaliers,99,2014-03-01 00:30:00,Utah Jazz,79
865,Dallas Mavericks,91,2014-03-01 01:30:00,Chicago Bulls,100
866,Los Angeles Lakers,126,2014-03-01 03:30:00,Sacramento Kings,122
867,New York Knicks,103,2014-03-01 01:00:00,Golden State Warriors,126
868,Oklahoma City Thunder,113,2014-03-01 01:00:00,Memphis Grizzlies,107
869,Phoenix Suns,116,2014-03-01 03:30:00,New Orleans Pelicans,104
870,San Antonio Spurs,92,2014-03-01 01:30:00,Charlotte Bobcats,82
871,Boston Celtics,97,2014-03-02 01:00:00,Indiana Pacers,102
872,Houston Rockets,118,2014-03-02 01:00:00,Detroit Pistons,110
873,Los Angeles Clippers,108,2014-03-02 03:30:00,New Orleans Pelicans,76
874,Memphis Grizzlies,110,2014-03-02 02:00:00,Cleveland Cavaliers,96
875,Miami Heat,112,2014-03-02 00:30:00,Orlando Magic,98
876,Milwaukee Bucks,98,2014-03-02 01:30:00,Brooklyn Nets,107
877,Philadelphia 76ers,103,2014-03-02 00:30:00,Washington Wizards,122
878,Portland Trail Blazers,102,2014-03-02 03:00:00,Denver Nuggets,96
879,Sacramento Kings,97,2014-03-02 03:00:00,Minnesota Timberwolves,108
880,Chicago Bulls,109,2014-03-02 18:00:00,New York Knicks,90
881,Indiana Pacers,94,2014-03-02 23:00:00,Utah Jazz,91
882,Oklahoma City Thunder,116,2014-03-03 00:00:00,Charlotte Bobcats,99
883,Orlando Magic,92,2014-03-02 23:00:00,Philadelphia 76ers,81
884,Phoenix Suns,129,2014-03-03 01:00:00,Atlanta Hawks,120
885,San Antonio Spurs,112,2014-03-03 00:00:00,Dallas Mavericks,106
886,Toronto Raptors,104,2014-03-02 21:00:00,Golden State Warriors,98
887,Brooklyn Nets,96,2014-03-04 00:30:00,Chicago Bulls,80
888,Denver Nuggets,128,2014-03-04 02:00:00,Minnesota Timberwolves,132
889,Detroit Pistons,96,2014-03-04 00:30:00,New York Knicks,85
890,Miami Heat,124,2014-03-04 00:30:00,Charlotte Bobcats,107
891,Milwaukee Bucks,114,2014-03-04 01:00:00,Utah Jazz,88
892,Portland Trail Blazers,106,2014-03-04 03:00:00,Los Angeles Lakers,107
893,Sacramento Kings,96,2014-03-04 03:00:00,New Orleans Pelicans,89
894,Washington Wizards,104,2014-03-04 00:00:00,Memphis Grizzlies,110
895,Cleveland Cavaliers,101,2014-03-05 00:00:00,San Antonio Spurs,122
896,Houston Rockets,106,2014-03-05 01:00:00,Miami Heat,103
897,Indiana Pacers,96,2014-03-05 00:00:00,Golden State Warriors,98
898,Los Angeles Lakers,125,2014-03-05 03:30:00,New Orleans Pelicans,132
899,Oklahoma City Thunder,125,2014-03-05 01:00:00,Philadelphia 76ers,92
900,Phoenix Suns,96,2014-03-05 02:00:00,Los Angeles Clippers,104
901,Boston Celtics,88,2014-03-06 00:30:00,Golden State Warriors,108
902,Brooklyn Nets,103,2014-03-06 00:30:00,Memphis Grizzlies,94
903,Charlotte Bobcats,109,2014-03-06 00:00:00,Indiana Pacers,87
904,Denver Nuggets,115,2014-03-06 01:00:00,Dallas Mavericks,110
905,Detroit Pistons,94,2014-03-06 00:30:00,Chicago Bulls,105
906,Milwaukee Bucks,102,2014-03-06 01:00:00,Sacramento Kings,116
907,Minnesota Timberwolves,106,2014-03-06 01:00:00,New York Knicks,118
908,Orlando Magic,89,2014-03-06 00:00:00,Houston Rockets,101
909,Portland Trail Blazers,102,2014-03-06 03:30:00,Atlanta Hawks,78
910,Washington Wizards,104,2014-03-06 00:00:00,Utah Jazz,91
911,Los Angeles Lakers,94,2014-03-07 03:30:00,Los Angeles Clippers,142
912,Phoenix Suns,128,2014-03-07 02:00:00,Oklahoma City Thunder,122
913,San Antonio Spurs,111,2014-03-07 01:00:00,Miami Heat,87
914,Boston Celtics,91,2014-03-08 00:30:00,Brooklyn Nets,84
915,Charlotte Bobcats,101,2014-03-08 00:00:00,Cleveland Cavaliers,92
916,Chicago Bulls,77,2014-03-08 00:00:00,Memphis Grizzlies,85
917,Dallas Mavericks,103,2014-03-08 01:30:00,Portland Trail Blazers,98
918,Denver Nuggets,134,2014-03-08 02:00:00,Los Angeles Lakers,126
919,Golden State Warriors,111,2014-03-08 03:30:00,Atlanta Hawks,97
920,Houston Rockets,112,2014-03-08 02:30:00,Indiana Pacers,86
921,Minnesota Timberwolves,114,2014-03-08 01:00:00,Detroit Pistons,101
922,New Orleans Pelicans,112,2014-03-08 01:00:00,Milwaukee Bucks,104
923,New York Knicks,108,2014-03-08 00:30:00,Utah Jazz,81
924,Toronto Raptors,99,2014-03-08 00:00:00,Sacramento Kings,87
925,Cleveland Cavaliers,97,2014-03-09 00:30:00,New York Knicks,107
926,Los Angeles Clippers,109,2014-03-09 03:30:00,Atlanta Hawks,108
927,Memphis Grizzlies,111,2014-03-09 01:00:00,Charlotte Bobcats,89
928,Milwaukee Bucks,107,2014-03-09 02:00:00,Washington Wizards,114
929,Philadelphia 76ers,92,2014-03-09 00:30:00,Utah Jazz,104
930,San Antonio Spurs,121,2014-03-09 01:30:00,Orlando Magic,112
931,Boston Celtics,118,2014-03-09 22:00:00,Detroit Pistons,111
932,Brooklyn Nets,104,2014-03-09 22:00:00,Sacramento Kings,89
933,Chicago Bulls,95,2014-03-09 17:00:00,Miami Heat,88
934,Dallas Mavericks,105,2014-03-09 23:30:00,Indiana Pacers,94
935,Golden State Warriors,113,2014-03-10 01:00:00,Phoenix Suns,107
936,Houston Rockets,118,2014-03-09 23:00:00,Portland Trail Blazers,113
937,Los Angeles Lakers,114,2014-03-09 19:30:00,Oklahoma City Thunder,110
938,Minnesota Timberwolves,104,2014-03-09 23:00:00,Toronto Raptors,111
939,New Orleans Pelicans,111,2014-03-09 22:00:00,Denver Nuggets,107
940,Brooklyn Nets,101,2014-03-10 23:30:00,Toronto Raptors,97
941,Charlotte Bobcats,105,2014-03-10 23:00:00,Denver Nuggets,98
942,Los Angeles Clippers,112,2014-03-11 02:30:00,Phoenix Suns,105
943,Miami Heat,99,2014-03-10 23:30:00,Washington Wizards,90
944,Milwaukee Bucks,105,2014-03-11 00:00:00,Orlando Magic,98
945,New York Knicks,123,2014-03-10 23:30:00,Philadelphia 76ers,110
946,Utah Jazz,110,2014-03-11 01:00:00,Atlanta Hawks,112
947,Chicago Bulls,96,2014-03-12 00:00:00,San Antonio Spurs,104
948,Detroit Pistons,99,2014-03-11 23:30:00,Sacramento Kings,89
949,Golden State Warriors,108,2014-03-12 02:30:00,Dallas Mavericks,85
950,Indiana Pacers,94,2014-03-11 23:00:00,Boston Celtics,83
951,Memphis Grizzlies,109,2014-03-12 00:00:00,Portland Trail Blazers,99
952,Minnesota Timberwolves,112,2014-03-12 00:00:00,Milwaukee Bucks,101
953,Oklahoma City Thunder,106,2014-03-12 00:00:00,Houston Rockets,98
954,Boston Celtics,92,2014-03-12 23:30:00,New York Knicks,116
955,Los Angeles Clippers,111,2014-03-13 02:30:00,Golden State Warriors,98
956,Miami Heat,95,2014-03-12 23:00:00,Brooklyn Nets,96
957,New Orleans Pelicans,88,2014-03-13 00:00:00,Memphis Grizzlies,90
958,Orlando Magic,112,2014-03-12 23:00:00,Denver Nuggets,120
959,Philadelphia 76ers,98,2014-03-12 23:00:00,Sacramento Kings,115
960,Phoenix Suns,101,2014-03-13 02:00:00,Cleveland Cavaliers,110
961,San Antonio Spurs,103,2014-03-13 01:30:00,Portland Trail Blazers,90
962,Toronto Raptors,101,2014-03-12 23:00:00,Detroit Pistons,87
963,Utah Jazz,101,2014-03-13 01:00:00,Dallas Mavericks,108
964,Washington Wizards,85,2014-03-12 23:00:00,Charlotte Bobcats,98
965,Atlanta Hawks,102,2014-03-13 23:30:00,Milwaukee Bucks,97
966,Chicago Bulls,111,2014-03-13 23:00:00,Houston Rockets,87
967,Oklahoma City Thunder,131,2014-03-14 01:30:00,Los Angeles Lakers,102
968,Boston Celtics,80,2014-03-14 23:30:00,Phoenix Suns,87
969,Charlotte Bobcats,105,2014-03-14 23:00:00,Minnesota Timberwolves,93
970,Golden State Warriors,94,2014-03-15 02:30:00,Cleveland Cavaliers,103
971,Miami Heat,107,2014-03-14 23:30:00,Denver Nuggets,111
972,New Orleans Pelicans,103,2014-03-15 00:00:00,Portland Trail Blazers,111
973,Orlando Magic,101,2014-03-14 23:00:00,Washington Wizards,105
974,Philadelphia 76ers,94,2014-03-14 23:00:00,Indiana Pacers,101
975,San Antonio Spurs,119,2014-03-15 00:30:00,Los Angeles Lakers,85
976,Toronto Raptors,99,2014-03-14 23:00:00,Memphis Grizzlies,86
977,Utah Jazz,87,2014-03-15 01:00:00,Los Angeles Clippers,96
978,Atlanta Hawks,97,2014-03-15 23:30:00,Denver Nuggets,92
979,Chicago Bulls,94,2014-03-16 00:00:00,Sacramento Kings,87
980,Detroit Pistons,104,2014-03-15 23:30:00,Indiana Pacers,112
981,New York Knicks,115,2014-03-15 04:00:00,Milwaukee Bucks,94
982,Philadelphia 76ers,77,2014-03-15 23:30:00,Memphis Grizzlies,103
983,Washington Wizards,101,2014-03-15 23:00:00,Brooklyn Nets,94
984,Los Angeles Clippers,102,2014-03-17 01:30:00,Cleveland Cavaliers,80
985,Miami Heat,113,2014-03-16 19:30:00,Houston Rockets,104
986,Milwaukee Bucks,92,2014-03-16 17:00:00,Charlotte Bobcats,101
987,Minnesota Timberwolves,104,2014-03-16 23:00:00,Sacramento Kings,102
988,New Orleans Pelicans,121,2014-03-16 22:00:00,Boston Celtics,120
989,Oklahoma City Thunder,86,2014-03-16 23:00:00,Dallas Mavericks,109
990,Portland Trail Blazers,112,2014-03-17 01:00:00,Golden State Warriors,113
991,San Antonio Spurs,122,2014-03-16 23:00:00,Utah Jazz,104
992,Toronto Raptors,113,2014-03-16 17:00:00,Phoenix Suns,121
993,Brooklyn Nets,108,2014-03-17 23:30:00,Phoenix Suns,95
994,Charlotte Bobcats,83,2014-03-17 23:00:00,Atlanta Hawks,97
995,Chicago Bulls,85,2014-03-18 00:00:00,Oklahoma City Thunder,97
996,Dallas Mavericks,94,2014-03-18 00:30:00,Boston Celtics,89
997,Denver Nuggets,110,2014-03-18 02:30:00,Los Angeles Clippers,100
998,Houston Rockets,124,2014-03-18 00:00:00,Utah Jazz,86
999,Indiana Pacers,99,2014-03-17 23:00:00,Philadelphia 76ers,90
1000,Atlanta Hawks,118,2014-03-18 23:30:00,Toronto Raptors,113
1001,Cleveland Cavaliers,96,2014-03-18 23:00:00,Miami Heat,100
1002,Golden State Warriors,103,2014-03-19 02:30:00,Orlando Magic,89
1003,Portland Trail Blazers,120,2014-03-19 02:00:00,Milwaukee Bucks,115
1004,Sacramento Kings,117,2014-03-19 02:00:00,Washington Wizards,111
1005,Boston Celtics,101,2014-03-19 23:30:00,Miami Heat,96
1006,Brooklyn Nets,104,2014-03-19 23:30:00,Charlotte Bobcats,99
1007,Dallas Mavericks,122,2014-03-20 00:30:00,Minnesota Timberwolves,123
1008,Denver Nuggets,118,2014-03-20 01:00:00,Detroit Pistons,109
1009,Los Angeles Lakers,109,2014-03-20 02:30:00,San Antonio Spurs,125
1010,Memphis Grizzlies,96,2014-03-20 00:00:00,Utah Jazz,86
1011,New Orleans Pelicans,100,2014-03-20 00:00:00,Toronto Raptors,107
1012,New York Knicks,92,2014-03-20 00:00:00,Indiana Pacers,86
1013,Philadelphia 76ers,94,2014-03-19 23:00:00,Chicago Bulls,102
1014,Phoenix Suns,109,2014-03-20 02:00:00,Orlando Magic,93
1015,Cleveland Cavaliers,95,2014-03-20 23:00:00,Oklahoma City Thunder,102
1016,Golden State Warriors,115,2014-03-21 02:30:00,Milwaukee Bucks,110
1017,Houston Rockets,129,2014-03-21 00:00:00,Minnesota Timberwolves,106
1018,Portland Trail Blazers,116,2014-03-21 02:00:00,Washington Wizards,103
1019,Atlanta Hawks,105,2014-03-21 23:30:00,New Orleans Pelicans,111
1020,Brooklyn Nets,114,2014-03-21 23:30:00,Boston Celtics,98
1021,Dallas Mavericks,122,2014-03-22 00:30:00,Denver Nuggets,106
1022,Indiana Pacers,91,2014-03-21 23:00:00,Chicago Bulls,79
1023,Los Angeles Lakers,107,2014-03-22 02:30:00,Washington Wizards,117
1024,Miami Heat,91,2014-03-21 23:30:00,Memphis Grizzlies,86
1025,Philadelphia 76ers,92,2014-03-21 23:00:00,New York Knicks,93
1026,Phoenix Suns,98,2014-03-22 02:00:00,Detroit Pistons,92
1027,Sacramento Kings,79,2014-03-22 02:00:00,San Antonio Spurs,99
1028,Toronto Raptors,118,2014-03-21 23:00:00,Oklahoma City Thunder,119
1029,Charlotte Bobcats,124,2014-03-22 23:00:00,Portland Trail Blazers,94
1030,Chicago Bulls,91,2014-03-23 00:00:00,Philadelphia 76ers,81
1031,Cleveland Cavaliers,111,2014-03-22 23:30:00,Houston Rockets,118
1032,Golden State Warriors,90,2014-03-23 02:30:00,San Antonio Spurs,99
1033,Los Angeles Clippers,112,2014-03-23 02:30:00,Detroit Pistons,103
1034,Memphis Grizzlies,82,2014-03-23 00:00:00,Indiana Pacers,71
1035,New Orleans Pelicans,105,2014-03-23 00:00:00,Miami Heat,95
1036,Utah Jazz,89,2014-03-23 01:00:00,Orlando Magic,88
1037,Dallas Mavericks,104,2014-03-23 23:30:00,Brooklyn Nets,107
1038,Denver Nuggets,105,2014-03-23 21:00:00,Washington Wizards,102
1039,Los Angeles Lakers,103,2014-03-24 01:30:00,Orlando Magic,94
1040,Minnesota Timberwolves,120,2014-03-23 19:30:00,Phoenix Suns,127
1041,New York Knicks,100,2014-03-23 23:30:00,Cleveland Cavaliers,106
1042,Sacramento Kings,124,2014-03-23 22:00:00,Milwaukee Bucks,107
1043,Toronto Raptors,96,2014-03-23 17:00:00,Atlanta Hawks,86
1044,Atlanta Hawks,95,2014-03-24 23:30:00,Phoenix Suns,102
1045,Charlotte Bobcats,89,2014-03-24 23:00:00,Houston Rockets,100
1046,Chicago Bulls,89,2014-03-25 00:00:00,Indiana Pacers,77
1047,Los Angeles Clippers,106,2014-03-25 02:30:00,Milwaukee Bucks,98
1048,Memphis Grizzlies,109,2014-03-25 00:00:00,Minnesota Timberwolves,92
1049,Miami Heat,93,2014-03-24 23:30:00,Portland Trail Blazers,91
1050,New Orleans Pelicans,109,2014-03-25 00:00:00,Brooklyn Nets,104
1051,Oklahoma City Thunder,117,2014-03-25 00:00:00,Denver Nuggets,96
1052,San Antonio Spurs,113,2014-03-25 00:30:00,Philadelphia 76ers,91
1053,Utah Jazz,94,2014-03-25 01:00:00,Detroit Pistons,114
1054,Cleveland Cavaliers,102,2014-03-25 23:00:00,Toronto Raptors,100
1055,Dallas Mavericks,128,2014-03-26 00:00:00,Oklahoma City Thunder,119
1056,Los Angeles Lakers,127,2014-03-26 02:30:00,New York Knicks,96
1057,Orlando Magic,95,2014-03-25 23:00:00,Portland Trail Blazers,85
1058,Boston Celtics,90,2014-03-26 23:30:00,Toronto Raptors,99
1059,Charlotte Bobcats,116,2014-03-26 23:00:00,Brooklyn Nets,111
1060,Detroit Pistons,96,2014-03-26 23:30:00,Cleveland Cavaliers,97
1061,Indiana Pacers,84,2014-03-27 00:00:00,Miami Heat,83
1062,Minnesota Timberwolves,107,2014-03-27 00:00:00,Atlanta Hawks,83
1063,New Orleans Pelicans,98,2014-03-27 00:00:00,Los Angeles Clippers,96
1064,Sacramento Kings,99,2014-03-27 02:00:00,New York Knicks,107
1065,San Antonio Spurs,108,2014-03-27 00:30:00,Denver Nuggets,103
1066,Utah Jazz,87,2014-03-27 02:30:00,Memphis Grizzlies,91
1067,Washington Wizards,93,2014-03-26 23:00:00,Phoenix Suns,99
1068,Atlanta Hawks,85,2014-03-27 23:30:00,Portland Trail Blazers,100
1069,Dallas Mavericks,103,2014-03-28 00:30:00,Los Angeles Clippers,109
1070,Houston Rockets,120,2014-03-28 00:00:00,Philadelphia 76ers,98
1071,Milwaukee Bucks,108,2014-03-28 00:00:00,Los Angeles Lakers,105
1072,Brooklyn Nets,108,2014-03-28 23:30:00,Cleveland Cavaliers,97
1073,Chicago Bulls,74,2014-03-29 00:00:00,Portland Trail Blazers,91
1074,Denver Nuggets,102,2014-03-29 01:00:00,San Antonio Spurs,133
1075,Detroit Pistons,78,2014-03-28 23:30:00,Miami Heat,110
1076,Golden State Warriors,100,2014-03-29 02:30:00,Memphis Grizzlies,93
1077,Minnesota Timberwolves,143,2014-03-29 00:00:00,Los Angeles Lakers,107
1078,New Orleans Pelicans,102,2014-03-29 00:00:00,Utah Jazz,95
1079,Oklahoma City Thunder,94,2014-03-29 00:00:00,Sacramento Kings,81
1080,Orlando Magic,110,2014-03-28 23:00:00,Charlotte Bobcats,105
1081,Phoenix Suns,112,2014-03-29 02:00:00,New York Knicks,88
1082,Toronto Raptors,105,2014-03-28 23:00:00,Boston Celtics,103
1083,Washington Wizards,91,2014-03-28 23:00:00,Indiana Pacers,78
1084,Dallas Mavericks,103,2014-03-30 00:30:00,Sacramento Kings,100
1085,Houston Rockets,107,2014-03-30 00:00:00,Los Angeles Clippers,118
1086,Milwaukee Bucks,67,2014-03-30 00:30:00,Miami Heat,88
1087,Philadelphia 76ers,123,2014-03-29 23:30:00,Detroit Pistons,98
1088,San Antonio Spurs,96,2014-03-30 00:30:00,New Orleans Pelicans,80
1089,Washington Wizards,101,2014-03-30 00:00:00,Atlanta Hawks,97
1090,Boston Celtics,102,2014-03-30 23:00:00,Chicago Bulls,107
1091,Brooklyn Nets,114,2014-03-30 22:00:00,Minnesota Timberwolves,99
1092,Cleveland Cavaliers,90,2014-03-30 19:00:00,Indiana Pacers,76
1093,Golden State Warriors,84,2014-03-31 01:00:00,New York Knicks,89
1094,Los Angeles Lakers,115,2014-03-31 01:30:00,Phoenix Suns,99
1095,Oklahoma City Thunder,116,2014-03-30 19:00:00,Utah Jazz,96
1096,Orlando Magic,93,2014-03-30 22:00:00,Toronto Raptors,98
1097,Portland Trail Blazers,105,2014-03-31 01:00:00,Memphis Grizzlies,98
1098,Atlanta Hawks,103,2014-03-31 23:30:00,Philadelphia 76ers,95
1099,Charlotte Bobcats,100,2014-03-31 23:00:00,Washington Wizards,94
1100,Chicago Bulls,94,2014-04-01 00:00:00,Boston Celtics,80
1101,Denver Nuggets,92,2014-04-01 01:00:00,Memphis Grizzlies,94
1102,Detroit Pistons,116,2014-03-31 23:30:00,Milwaukee Bucks,111
1103,Indiana Pacers,77,2014-03-31 23:00:00,San Antonio Spurs,103
1104,Miami Heat,93,2014-03-31 23:30:00,Toronto Raptors,83
1105,Minnesota Timberwolves,104,2014-04-01 00:00:00,Los Angeles Clippers,114
1106,New Orleans Pelicans,97,2014-04-01 00:00:00,Sacramento Kings,102
1107,Utah Jazz,83,2014-04-01 01:00:00,New York Knicks,92
1108,Brooklyn Nets,105,2014-04-02 00:00:00,Houston Rockets,96
1109,Dallas Mavericks,120,2014-04-02 00:30:00,Golden State Warriors,122
1110,Los Angeles Lakers,112,2014-04-02 02:30:00,Portland Trail Blazers,124
1111,Atlanta Hawks,92,2014-04-02 23:30:00,Chicago Bulls,105
1112,Denver Nuggets,137,2014-04-03 01:00:00,New Orleans Pelicans,107
1113,Indiana Pacers,101,2014-04-02 23:00:00,Detroit Pistons,94
1114,Miami Heat,96,2014-04-02 23:30:00,Milwaukee Bucks,77
1115,Minnesota Timberwolves,102,2014-04-03 00:00:00,Memphis Grizzlies,88
1116,New York Knicks,110,2014-04-02 23:00:00,Brooklyn Nets,81
1117,Orlando Magic,98,2014-04-02 23:00:00,Cleveland Cavaliers,119
1118,Philadelphia 76ers,93,2014-04-02 23:00:00,Charlotte Bobcats,123
1119,Phoenix Suns,108,2014-04-03 02:00:00,Los Angeles Clippers,112
1120,Sacramento Kings,107,2014-04-03 02:00:00,Los Angeles Lakers,102
1121,San Antonio Spurs,111,2014-04-03 00:30:00,Golden State Warriors,90
1122,Toronto Raptors,107,2014-04-02 23:00:00,Houston Rockets,103
1123,Washington Wizards,118,2014-04-02 23:00:00,Boston Celtics,92
1124,Los Angeles Clippers,107,2014-04-04 02:30:00,Dallas Mavericks,113
1125,Oklahoma City Thunder,106,2014-04-04 00:00:00,San Antonio Spurs,94
1126,Atlanta Hawks,117,2014-04-04 23:30:00,Cleveland Cavaliers,98
1127,Boston Celtics,102,2014-04-04 23:30:00,Philadelphia 76ers,111
1128,Brooklyn Nets,116,2014-04-04 23:30:00,Detroit Pistons,104
1129,Charlotte Bobcats,91,2014-04-04 23:00:00,Orlando Magic,80
1130,Chicago Bulls,102,2014-04-05 00:00:00,Milwaukee Bucks,90
1131,Golden State Warriors,102,2014-04-05 02:30:00,Sacramento Kings,69
1132,Houston Rockets,111,2014-04-05 01:30:00,Oklahoma City Thunder,107
1133,Los Angeles Lakers,95,2014-04-05 02:30:00,Dallas Mavericks,107
1134,Memphis Grizzlies,100,2014-04-04 23:00:00,Denver Nuggets,92
1135,Miami Heat,121,2014-04-04 23:30:00,Minnesota Timberwolves,122
1136,New York Knicks,89,2014-04-04 23:30:00,Washington Wizards,90
1137,Portland Trail Blazers,93,2014-04-05 02:00:00,Phoenix Suns,109
1138,Toronto Raptors,102,2014-04-04 23:00:00,Indiana Pacers,94
1139,Utah Jazz,100,2014-04-05 01:00:00,New Orleans Pelicans,96
1140,Cleveland Cavaliers,94,2014-04-05 23:30:00,Charlotte Bobcats,96
1141,Detroit Pistons,115,2014-04-05 23:30:00,Boston Celtics,111
1142,Milwaukee Bucks,98,2014-04-06 00:30:00,Toronto Raptors,102
1143,Orlando Magic,100,2014-04-05 23:00:00,Minnesota Timberwolves,92
1144,Philadelphia 76ers,101,2014-04-05 23:30:00,Brooklyn Nets,105
1145,Washington Wizards,78,2014-04-05 23:00:00,Chicago Bulls,96
1146,Golden State Warriors,130,2014-04-07 01:00:00,Utah Jazz,102
1147,Houston Rockets,130,2014-04-06 23:00:00,Denver Nuggets,125
1148,Indiana Pacers,88,2014-04-06 22:00:00,Atlanta Hawks,107
1149,Los Angeles Clippers,120,2014-04-06 19:30:00,Los Angeles Lakers,97
1150,Miami Heat,102,2014-04-06 17:00:00,New York Knicks,91
1151,Phoenix Suns,122,2014-04-07 01:00:00,Oklahoma City Thunder,115
1152,Portland Trail Blazers,100,2014-04-07 01:00:00,New Orleans Pelicans,94
1153,Sacramento Kings,91,2014-04-06 22:00:00,Dallas Mavericks,93
1154,San Antonio Spurs,112,2014-04-06 23:00:00,Memphis Grizzlies,92
1155,Atlanta Hawks,95,2014-04-08 23:30:00,Detroit Pistons,102
1156,Los Angeles Lakers,130,2014-04-09 02:30:00,Houston Rockets,145
1157,Miami Heat,87,2014-04-09 00:00:00,Brooklyn Nets,88
1158,Minnesota Timberwolves,110,2014-04-09 00:00:00,San Antonio Spurs,91
1159,Sacramento Kings,92,2014-04-09 02:00:00,Oklahoma City Thunder,107
1160,Utah Jazz,83,2014-04-09 01:00:00,Dallas Mavericks,95
1161,Atlanta Hawks,105,2014-04-09 23:30:00,Boston Celtics,97
1162,Cleveland Cavaliers,122,2014-04-09 23:00:00,Detroit Pistons,100
1163,Denver Nuggets,123,2014-04-10 01:00:00,Houston Rockets,116
1164,Los Angeles Clippers,101,2014-04-10 02:30:00,Oklahoma City Thunder,107
1165,Memphis Grizzlies,107,2014-04-10 00:00:00,Miami Heat,102
1166,Milwaukee Bucks,102,2014-04-10 00:00:00,Indiana Pacers,104
1167,Minnesota Timberwolves,87,2014-04-10 00:00:00,Chicago Bulls,102
1168,New Orleans Pelicans,88,2014-04-10 00:00:00,Phoenix Suns,94
1169,Orlando Magic,115,2014-04-09 23:00:00,Brooklyn Nets,111
1170,Portland Trail Blazers,100,2014-04-10 02:00:00,Sacramento Kings,99
1171,Toronto Raptors,125,2014-04-09 23:00:00,Philadelphia 76ers,114
1172,Washington Wizards,88,2014-04-09 23:00:00,Charlotte Bobcats,94
1173,Dallas Mavericks,100,2014-04-11 00:00:00,San Antonio Spurs,109
1174,Golden State Warriors,99,2014-04-11 02:30:00,Denver Nuggets,100
1175,Boston Celtics,106,2014-04-11 23:30:00,Charlotte Bobcats,103
1176,Brooklyn Nets,88,2014-04-11 23:30:00,Atlanta Hawks,93
1177,Chicago Bulls,106,2014-04-12 00:00:00,Detroit Pistons,98
1178,Los Angeles Lakers,95,2014-04-12 02:30:00,Golden State Warriors,112
1179,Memphis Grizzlies,117,2014-04-12 00:00:00,Philadelphia 76ers,95
1180,Miami Heat,98,2014-04-11 23:30:00,Indiana Pacers,86
1181,Milwaukee Bucks,119,2014-04-12 00:30:00,Cleveland Cavaliers,116
1182,Minnesota Timberwolves,112,2014-04-12 00:00:00,Houston Rockets,110
1183,Oklahoma City Thunder,116,2014-04-12 00:00:00,New Orleans Pelicans,94
1184,Orlando Magic,86,2014-04-11 23:00:00,Washington Wizards,96
1185,San Antonio Spurs,112,2014-04-12 00:30:00,Phoenix Suns,104
1186,Toronto Raptors,100,2014-04-11 23:00:00,New York Knicks,108
1187,Utah Jazz,99,2014-04-12 01:00:00,Portland Trail Blazers,111
1188,Atlanta Hawks,98,2014-04-12 23:30:00,Miami Heat,85
1189,Charlotte Bobcats,111,2014-04-12 23:00:00,Philadelphia 76ers,105
1190,Cleveland Cavaliers,99,2014-04-12 23:30:00,Boston Celtics,111
1191,Dallas Mavericks,101,2014-04-13 00:30:00,Phoenix Suns,98
1192,Denver Nuggets,101,2014-04-13 01:00:00,Utah Jazz,94
1193,Houston Rockets,111,2014-04-13 00:00:00,New Orleans Pelicans,104
1194,Los Angeles Clippers,117,2014-04-12 19:30:00,Sacramento Kings,101
1195,Washington Wizards,104,2014-04-12 23:00:00,Milwaukee Bucks,91
1196,Brooklyn Nets,97,2014-04-13 22:00:00,Orlando Magic,88
1197,Detroit Pistons,107,2014-04-13 19:30:00,Toronto Raptors,116
1198,Indiana Pacers,102,2014-04-13 17:00:00,Oklahoma City Thunder,97
1199,Los Angeles Lakers,90,2014-04-14 01:30:00,Memphis Grizzlies,102
1200,New York Knicks,100,2014-04-13 23:30:00,Chicago Bulls,89
1201,Portland Trail Blazers,119,2014-04-14 01:00:00,Golden State Warriors,117
1202,Sacramento Kings,106,2014-04-14 01:00:00,Minnesota Timberwolves,103
1203,Atlanta Hawks,93,2014-04-14 23:30:00,Charlotte Bobcats,95
1204,Chicago Bulls,108,2014-04-15 00:00:00,Orlando Magic,95
1205,Golden State Warriors,130,2014-04-15 02:30:00,Minnesota Timberwolves,120
1206,Houston Rockets,104,2014-04-15 00:00:00,San Antonio Spurs,98
1207,New Orleans Pelicans,101,2014-04-15 00:00:00,Oklahoma City Thunder,89
1208,Philadelphia 76ers,113,2014-04-14 23:00:00,Boston Celtics,108
1209,Phoenix Suns,91,2014-04-15 02:00:00,Memphis Grizzlies,97
1210,Toronto Raptors,110,2014-04-14 23:00:00,Milwaukee Bucks,100
1211,Utah Jazz,104,2014-04-15 01:00:00,Los Angeles Lakers,119
1212,Washington Wizards,114,2014-04-14 23:00:00,Miami Heat,93
1213,Brooklyn Nets,98,2014-04-16 00:00:00,New York Knicks,109
1214,Los Angeles Clippers,117,2014-04-16 02:30:00,Denver Nuggets,105
1215,Boston Celtics,102,2014-04-17 00:00:00,Washington Wizards,118
1216,Charlotte Bobcats,91,2014-04-16 23:00:00,Chicago Bulls,86
1217,Cleveland Cavaliers,114,2014-04-17 00:00:00,Brooklyn Nets,85
1218,Denver Nuggets,112,2014-04-17 02:30:00,Golden State Warriors,116
1219,Memphis Grizzlies,106,2014-04-17 00:00:00,Dallas Mavericks,105
1220,Miami Heat,87,2014-04-17 00:00:00,Philadelphia 76ers,100
1221,Milwaukee Bucks,103,2014-04-17 00:00:00,Atlanta Hawks,111
1222,Minnesota Timberwolves,130,2014-04-17 00:00:00,Utah Jazz,136
1223,New Orleans Pelicans,105,2014-04-17 00:00:00,Houston Rockets,100
1224,New York Knicks,95,2014-04-17 00:00:00,Toronto Raptors,92
1225,Oklahoma City Thunder,112,2014-04-17 00:00:00,Detroit Pistons,111
1226,Orlando Magic,86,2014-04-16 23:00:00,Indiana Pacers,101
1227,Portland Trail Blazers,110,2014-04-17 02:30:00,Los Angeles Clippers,104
1228,Sacramento Kings,99,2014-04-17 02:30:00,Phoenix Suns,104
1229,San Antonio Spurs,100,2014-04-17 00:00:00,Los Angeles Lakers,113
1230,Indiana Pacers,93,2014-04-19 23:00:00,Atlanta Hawks,101
1231,Los Angeles Clippers,105,2014-04-19 19:30:00,Golden State Warriors,109
1232,Oklahoma City Thunder,100,2014-04-20 01:43:00,Memphis Grizzlies,86
1233,Toronto Raptors,87,2014-04-19 04:30:00,Brooklyn Nets,94
1234,Chicago Bulls,93,2014-04-20 23:00:00,Washington Wizards,102
1235,Houston Rockets,120,2014-04-21 01:30:00,Portland Trail Blazers,122
1236,Miami Heat,99,2014-04-20 19:30:00,Charlotte Bobcats,88
1237,San Antonio Spurs,90,2014-04-20 17:00:00,Dallas Mavericks,85
1238,Los Angeles Clippers,138,2014-04-22 02:30:00,Golden State Warriors,98
1239,Oklahoma City Thunder,105,2014-04-22 00:00:00,Memphis Grizzlies,111
1240,Chicago Bulls,99,2014-04-23 01:30:00,Washington Wizards,101
1241,Indiana Pacers,101,2014-04-22 23:00:00,Atlanta Hawks,85
1242,Toronto Raptors,100,2014-04-22 23:30:00,Brooklyn Nets,95
1243,Houston Rockets,105,2014-04-24 01:30:00,Portland Trail Blazers,112
1244,Miami Heat,101,2014-04-23 23:00:00,Charlotte Bobcats,97
1245,San Antonio Spurs,92,2014-04-24 00:00:00,Dallas Mavericks,113
1246,Atlanta Hawks,98,2014-04-24 23:00:00,Indiana Pacers,85
1247,Golden State Warriors,96,2014-04-25 02:30:00,Los Angeles Clippers,98
1248,Memphis Grizzlies,98,2014-04-25 00:00:00,Oklahoma City Thunder,95
1249,Brooklyn Nets,102,2014-04-25 23:00:00,Toronto Raptors,98
1250,Portland Trail Blazers,116,2014-04-26 02:30:00,Houston Rockets,121
1251,Washington Wizards,97,2014-04-26 00:00:00,Chicago Bulls,100
1252,Atlanta Hawks,88,2014-04-26 18:00:00,Indiana Pacers,91
1253,Charlotte Bobcats,85,2014-04-26 23:00:00,Miami Heat,98
1254,Dallas Mavericks,109,2014-04-26 20:30:00,San Antonio Spurs,108
1255,Memphis Grizzlies,89,2014-04-27 01:30:00,Oklahoma City Thunder,92
1256,Brooklyn Nets,79,2014-04-27 23:00:00,Toronto Raptors,87
1257,Golden State Warriors,118,2014-04-27 19:30:00,Los Angeles Clippers,97
1258,Portland Trail Blazers,123,2014-04-28 01:30:00,Houston Rockets,120
1259,Washington Wizards,98,2014-04-27 17:00:00,Chicago Bulls,89
1260,Charlotte Bobcats,98,2014-04-28 23:00:00,Miami Heat,109
1261,Dallas Mavericks,89,2014-04-29 01:30:00,San Antonio Spurs,93
1262,Indiana Pacers,97,2014-04-29 00:00:00,Atlanta Hawks,107
1263,Chicago Bulls,69,2014-04-30 00:00:00,Washington Wizards,75
1264,Los Angeles Clippers,113,2014-04-30 02:30:00,Golden State Warriors,103
1265,Oklahoma City Thunder,99,2014-04-30 01:00:00,Memphis Grizzlies,100
1266,Houston Rockets,108,2014-05-01 01:30:00,Portland Trail Blazers,98
1267,San Antonio Spurs,109,2014-04-30 23:00:00,Dallas Mavericks,103
1268,Toronto Raptors,115,2014-04-30 23:30:00,Brooklyn Nets,113
1269,Atlanta Hawks,88,2014-05-01 23:00:00,Indiana Pacers,95
1270,Golden State Warriors,100,2014-05-02 02:30:00,Los Angeles Clippers,99
1271,Memphis Grizzlies,84,2014-05-02 00:00:00,Oklahoma City Thunder,104
1272,Brooklyn Nets,97,2014-05-02 23:00:00,Toronto Raptors,83
1273,Dallas Mavericks,113,2014-05-03 00:00:00,San Antonio Spurs,111
1274,Portland Trail Blazers,99,2014-05-03 02:30:00,Houston Rockets,98
1275,Indiana Pacers,92,2014-05-03 21:30:00,Atlanta Hawks,80
1276,Los Angeles Clippers,126,2014-05-04 02:30:00,Golden State Warriors,121
1277,Oklahoma City Thunder,120,2014-05-04 00:00:00,Memphis Grizzlies,109
1278,San Antonio Spurs,119,2014-05-04 19:30:00,Dallas Mavericks,96
1279,Toronto Raptors,103,2014-05-04 17:00:00,Brooklyn Nets,104
1280,Indiana Pacers,96,2014-05-05 23:00:00,Washington Wizards,102
1281,Oklahoma City Thunder,105,2014-05-06 01:42:00,Los Angeles Clippers,122
1282,Miami Heat,107,2014-05-06 23:00:00,Brooklyn Nets,86
1283,San Antonio Spurs,116,2014-05-07 01:30:00,Portland Trail Blazers,92
1284,Indiana Pacers,86,2014-05-07 23:00:00,Washington Wizards,82
1285,Oklahoma City Thunder,112,2014-05-08 01:30:00,Los Angeles Clippers,101
1286,Miami Heat,94,2014-05-08 23:00:00,Brooklyn Nets,82
1287,San Antonio Spurs,114,2014-05-09 01:30:00,Portland Trail Blazers,97
1288,Los Angeles Clippers,112,2014-05-10 02:30:00,Oklahoma City Thunder,118
1289,Washington Wizards,63,2014-05-10 00:00:00,Indiana Pacers,85
1290,Brooklyn Nets,104,2014-05-11 00:00:00,Miami Heat,90
1291,Portland Trail Blazers,103,2014-05-11 02:30:00,San Antonio Spurs,118
1292,Los Angeles Clippers,101,2014-05-11 19:30:00,Oklahoma City Thunder,99
1293,Washington Wizards,92,2014-05-12 00:00:00,Indiana Pacers,95
1294,Brooklyn Nets,96,2014-05-13 00:00:00,Miami Heat,102
1295,Portland Trail Blazers,103,2014-05-13 02:30:00,San Antonio Spurs,92
1296,Indiana Pacers,79,2014-05-13 23:00:00,Washington Wizards,102
1297,Oklahoma City Thunder,105,2014-05-14 01:30:00,Los Angeles Clippers,104
1298,Miami Heat,96,2014-05-14 23:00:00,Brooklyn Nets,94
1299,San Antonio Spurs,104,2014-05-15 01:30:00,Portland Trail Blazers,82
1300,Los Angeles Clippers,98,2014-05-16 02:30:00,Oklahoma City Thunder,104
1301,Washington Wizards,80,2014-05-16 00:00:00,Indiana Pacers,93
1302,Indiana Pacers,107,2014-05-18 19:30:00,Miami Heat,96
1303,San Antonio Spurs,122,2014-05-20 01:00:00,Oklahoma City Thunder,105
1304,Indiana Pacers,83,2014-05-21 00:30:00,Miami Heat,87
1305,San Antonio Spurs,112,2014-05-22 01:00:00,Oklahoma City Thunder,77
1306,Miami Heat,99,2014-05-25 00:30:00,Indiana Pacers,87
1307,Oklahoma City Thunder,106,2014-05-26 00:30:00,San Antonio Spurs,97
1308,Miami Heat,102,2014-05-27 00:30:00,Indiana Pacers,90
1309,Oklahoma City Thunder,105,2014-05-28 01:00:00,San Antonio Spurs,92
1310,Indiana Pacers,93,2014-05-29 00:30:00,Miami Heat,90
1311,San Antonio Spurs,117,2014-05-30 01:00:00,Oklahoma City Thunder,89
1312,Miami Heat,117,2014-05-31 00:30:00,Indiana Pacers,92
1313,Oklahoma City Thunder,107,2014-06-01 00:30:00,San Antonio Spurs,112
1314,San Antonio Spurs,110,2014-06-06 01:00:00,Miami Heat,95
1315,San Antonio Spurs,96,2014-06-09 00:00:00,Miami Heat,98
1316,Miami Heat,92,2014-06-11 01:00:00,San Antonio Spurs,111
1317,Miami Heat,86,2014-06-13 01:00:00,San Antonio Spurs,107
1318,San Antonio Spurs,104,2014-06-16 00:00:00,Miami Heat,87
